titulo;preco
Placa Uno R3 Arduino  Cabo USB;119.23
Placa Uno SMD Arduino  Cabo USB;75.91
Placa Leonardo R3 Arduino  Cabo USB;94.53
Placa Nano V3 Arduino Compativel;64.51
Placa Micro R3 Arduino Compativel;131.47
Placa Pro Micro ATmega32U4 Arduino Compativel;79.71
Placa Pro Mini ATmega328 Arduino Compativel;69.26
Nano V3 Arduino Compativel;51.21
Pro Mini Arduino Compativel LGT8F328P;36.96
Tag iButton TM F5 64 Bits  Chaveiro com codificacao unica;12.92
Interruptor LigaDesliga tipo Gangorra 10A120 6A250V  Preto;2.51
Buzzer Ativo 5V Bip Continuo PCI 12mm;3.66
Micro Servo Motor 9g SG90 180 1.6Kgf.cm de Posicao;21.76
Sensor Ultrassonico de Distancia HCSR04;13.78
Jack P4 (21x5.5mm) para Placas de Circuito Impresso;1.51
Sensor de Temperatura DS 18B20 a Prova DAgua;15.68
Modulo Rele 5V 10A 1 Canal com Optoacoplador para ESP32 e Arduino;13.87
Jack P4 Plastico (2.1x5.5mm) para Paineis e Chassis;2.8
Leitor iButton DS9092 com LED para Controle de Acesso;29.93
Motor DC 36V 200RPM com Caixa de Reducao e Eixo Duplo 48:1;16.1
Mini Bomba de Agua para Arduino 12V RS385 2LMin;59.76
Modulo Conversor Amplificador HX711 24bit 2 Canais;11.88
Display LCD 16x2 com fundo azul;27.46
Fonte de Alimentacao para Arduino 9VDC 1A Plug P4;19.86
Conector DB9 Serial RS232  Femea;2.51
Motor DC 3V DC130 15000RPM 950mA;9.41
Sensor de Nivel de Agua com Boia Horizontal;28.41
Sensor Reflexivo Infravermelho TCRT5000  Kit com 2 unidades;4.9
Modulo Bluetooth HC05 Arduino  MasterSlave;42.66
Chave Alavanca MTS102 3T 2 Posicoes 6A;4.89
Buzzer Passivo 5V PCI 12mm;2.98
Modulo Rele 5V 10A 2 canais com Optoacopladores;21.38
Modulo Sensor Reflexivo Infravermelho TCRT5000;7.29
Conector DB9 Serial RS232  Macho;2.51
Conversor Serial TTL para RS485;8.46
Chave Gangorra Liga Desliga 10A;2.51
Motor DC 36V 80RPM com Caixa de Reducao e Eixo Duplo 120:1;19.86
Conversor USB para RS485 CH340 Modbus;14.06
Modulo Carregador de Bateria LiIon TP4056 com Micro USB 18650;6.89
Sensor de Temperatura com NTC 10K a Prova DAgua  MF58;9.98
Modulo Adaptador I2C (IIC)  Conversor para LCD 16X2 e 20X4;11.52
Sensor PIR de Movimento HCSR501 100;16.63
Driver Ponte H ou Motor de Passo  L298;32.21
Pastilha Peltier 12V 30 a 70 C  TEC112706;32.21
SD Card Arduino  Leitor Micro SD Card;8.88
Conversor RS232 para RS485 Sintechi;37.91
Kit Arduino Iniciante Parland US10  Guia de Projetos;120.94
Modulo Rele 5V 10A 4 Canais com Optoacopladores;33.16
Nrf24l01 Transceptor Wireless 2.4GHz;12.26
Modulo Dimmer para Arduino Pic MC8A com sinal Zero Cross 127V;43.99
Motor Vibracall para Projetos;7.51
ESP32S NodeMCU Iot com WiFi e Bluetooth  38 Pinos;75.91
Kit Componentes Eletronicos 111 pecas;48.02
Motor de Passo 28BYJ48  Driver ULN2003;26.51
Conversor de Nivel Logico 3.3  5V Bidirecional  CNL35;6.46
Kit RC522 Leitor RFID  Tags (Chaveiro  Cartao);24.61
ATmega328P DIP28  Bootloader Arduino;56.91
Conectores RJ45 Lite  Kit com 10 unidades;3.71
Driver Duplo Ponte H de motor DC ou Passo L9110s;13.78
Sensor de Umidade e Temperatura DHT11;15.01
Sensor de Fluxo de Agua YFS201 G12 130 lmin;49.31
Sensor de Nivel de Agua tipo Boia;19.86
DIP Switch  Chave DIP 4 vias;3.14
Display LCD 16x2 com fundo verde;27.46
Carregador de Bateria LiIon TP4056 V2 Micro USB e Pinos de Saida 18650;7.13
Sensor de Peso  Celula de Carga 50kg para Arduino;16.91
DS18B20 Sensor de Temperatura Digital;12.83
Driver Motor de Passo A4988  Dissipador de Calor;16.1
Cabo Extensor para Servo Motor  30cm MachoFemea;6.56
Diodo Laser Arduino Vermelho de Alta Potencia 5mW;5.89
Conversor USB para TTL RS232 CH340 para Arduino Pro Mini . ESP8266 e Atinny;12.87
Joystick Arduino KY023 3 Eixos;9.41
Mini Bomba de Agua Peristaltica 12V CKPDCS08 90mlMin;66.41
Modulo Relogio Tempo Real RTC Compacto  DS1307;9.88
Modulo Sensor de Umidade e Temperatura DHT11  Jumpers;17.96
Receptor Infravermelho 1838B Universal  Ideal para Arduino e Pic;2.84
Modulo FTDI FT232R Conversor USB para TTL e RS232 Serial  3.3V  5V;25.56
Isolador Termico TEC112706 para Isolacao de Pastilha Peltier;3.82
Detector de Gas  Sensor de Gas MQ2  Gas Inflamavel e Fumaca;17.58
Strain Gauge Extensometro de Resistencia Eletrica tipo Folha;9.93
Modulo Relogio Tempo Real RTC com Sensor de Temperatura  DS3231;33.16
Sensor de Fluxo de Agua YFS401 0.36 lmin;47.41
Gerador de Alta Tensao LG105 Entrada 3.6 a 6V DC e Saida 400000V;28.41
Esfera Deslizante Metalica para Carro Robo;14.16
Transmissor RF  Receptor 433Mhz;11.88
Ima De Neodimio N50 Super Forte 10mm X 4mm  Kit com 10 Unidades;18.91
Kit Termopar Tipo K 0 a 800C  Modulo de Leitura Max6675;47.41
Sensor de Corrente ACS712 30A AC  DC com Efeito Hall;19.86
Sensor de Umidade e Temperatura AM2302 DHT22 40 a 80C;63.56
Valvula Solenoide para Agua 127V NF 180 ( 34 x 34);66.41
Sensor Tilt  Sensor de Inclinacao SW520D;6.6
Controlador PWM D4184  Modulo De Potencia Mosfet 30A 400W 36V;12.26
Nrf24l01 PA NA Wireless Arduino ( WIFI ) 2.4GHz Longo Alcance  Antena;35.06
Case para Arduino Uno com Parafusos em Acrilico Transparente;17.96
Detector de Gas  Sensor de Gas MQ135  Amonia . Oxido Nitrico . Alcool . Benzeno . Dioxido de Carbono...;18.91
Sensor de Corrente ACS712 5A AC  DC com Efeito Hall;17.96
Teclado Matricial Membrana 4x4 16 Teclas;11.48
Bombinha de Vacuo e Ar 12V 2.5LMin RK370;85.41
Sensor Magnetico NA de Sobrepor com Fios;10.88
Modulo GPS Arduino GYNEO6MV2  Antena;66.41
Caixa Patola PB0622 para Montagem 27 x 44 x 51 mm;4.89
Motor Shield Arduino L293D Driver Ponte H;31.26
Sensor Magnetico NA de Embutir com Fios;13.21
Pulsador Push Button NA 16mm em Aco Inox com Borne a Parafuso  Impermeavel;15.68
Modulo Relogio Tempo Real RTC  DS1302;9.88
Servo Motor MG995 Tower Pro 180 11kgf.cm de Posicao com Engrenagens Metalicas;69.73
Led Enderecavel RGB 5050 WS2812;6.54
Fechadura Eletrica Solenoide 12V NF Compacta FEC91  Lingueta Inferior;43.61
Modulo Adaptador Micro USB Femea para DIP;3.71
Sensor de Efeito Hall US1881  U18;4.28
Buzzer Passivo  Modulo Transdutor  BP18;6.6
Caixa Patola PB0752 para Montagem 24 x 60 x 75 mm;7.78
Mini Conversor RS232 para TTL MAX3232;6.18
Modulo Sensor de Luminosidade LDR para Arduino e ESP32;7.41
Roda 68 tipo Estrela para Chassi Robotico;9.45
Kit Controle Remoto Infravermelho  Receptor  KY022;18.91
Mini SD Card Arduino  Mini Leitor Micro SD Card;7.51
Mini Arruela M1 .6 Metalica  Kit com 10 unidades;3.14
Micro Servo 9g Tower Pro MG90S 180 2.2Kgf.cm de Posicao com Engrenagens Metalicas;35.06
Sensor de Peso Celula de Carga 0 a 5kg para Arduino;29.36
Caixa Patola PB048 para Montagem 19 x 40 x 54 mm;4.89
Sensor de Tensao DC 025V;7.51
Mini Bomba De Vacuo e Ar 6V SC3704PM 1.8LMin;34.11
Modulo Sensor Magnetico para Arduino;9.41
Sensor de Proximidade E18D80NK Infravermelho NPN  Deteccao 3 a 80cm;39.81
Conversor RS232 para TTL MAX3232 com DB9;10.88
Cabo Jumper 4 Pinos 70cm FemeaFemea para Impressora 3D;8.08
DHT22 Sensor de Umidade e Temperatura;47.41
Interruptor LigaDesliga com Chave de Seguranca  KS01;16.06
Valvula Solenoide para Agua 12V NF 180 (12 x 12);66.41
Sensor de Pressao e Temperatura BMP180;15.96
Mini Carro Solar com Motor e Painel Fotovoltaico  VB218;49.88
Modulo ESP8266 ESP12e WiFi Serial;27.46
Modulo Amplificador Operacional LM358 Ganho 100X;11.37
Modulo Bluetooth HC08 4.0 BLE Arduino para iPhone e iPad  MasterSlave;43.8
QRE1113 Sensor de Linha Analogico IR;6.18
Sensor de Som KY038 para Arduino;11.88
Modulo Dimmer para Arduino Pic MC8A com sinal Zero Cross 220V;43.99
Caixa Patola  Case para Montagem 55 x 97 x 148 mm  PB114;27.46
Lampada de Neon NE2 6x16mm;1.5
Display LCD 16x2 I2C com Fundo Azul;37.91
Valvula Solenoide para Agua 127V NF 180 (12 x 12);66.41
Arduino Sensor Shield  Expansor de Entradas e Saidas V5.0;18.91
Chaveiro RFID 13.56MHz com Tag para Controle de Acesso;3.99
Sensor de Chuva Arduino FC37  Modulo de Leitura;14.87
Sensor de Luminosidade Fotossensitivo LDR  P13;5.23
Caixa Patola BALOON para Montagem 17 x 50 x 27 mm;6.56
Caixa Patola PB108 para Montagem 32 x 75 x 116 mm;15.11
Fechadura Eletrica Solenoide 12V NF FE91  Lingueta Reversivel;104.03
Caixa Patola PB080 para Montagem 29 x 42 x 82 mm;9.41
Sensor de Pressao . Umidade e Temperatura BME280;84.46
Caixa Patola PB082 para Montagem 27 x 43 x 94 mm;9.88
Sensor de Umidade e Temperatura SHT20  Encapsulamento IP65;142.03
Sensor Indutivo 4mm (Distancia Sensora 4mm)  LJ12A3  NPN NA;35.06
Modulo Rele 5V 10A 8 Canais com Optoacopladores;66.41
Driver Duplo Ponte H de Motor DC ou Passo  DRV8833;22.85
Display LCD 20x4 com Fundo Azul;66.41
Conector T 14 para Microtubo de Irrigacao;2.51
Transdutor Buzzer Piezoeletrico 3 a 24VDC SFM27B;12.83
Tomada Femea 3 Pinos 10A 250V  Margirius;12.26
LCD Keypad Shield Display 16x2 para Arduino;42.66
Valvula Solenoide para Agua 12V NF 180 (34 x 34);61.66
Modulo Sensor de Efeito Hall para Arduino;7.49
Modulo Multiplexador 74HC4067  HP4067 CMOS Analogico Digital 16 Canais;11.88
Modulo Bluetooth HC06 Arduino  Slave;37.91
Suporte PAN TILT SG90  Plataforma Movel para Robotica;21.38
Sensor de Nivel de Agua em Aco Inoxidavel para Agua Quente;59.76
Mini Bomba de Agua Submersa 2.5 a 6V JT100 1.5LMin;26.84
Modulo Ethernet Mini ENC28J60;69.83
Case SZOMK para Montagem 145x90x40mm  Gabinete para Trilho Din  Bornes;78.76
Sensor de Luz BH1750FVI  Sensor de Luminosidade Lux Digital  GY30;19.46
Estrutura para Esteira Arduino em MDF  Manual de Montagem;133.32
Driver Motor de Passo DRV8825  Dissipador de Calor;24.61
Sensor de Fluxo de Agua YFS403 G34 160 lmin;88.68
Sensor de Tensao e Corrente INA219 De Alta Precisao;34.96
Modulo Adaptador USB Femea 2.0 para DIP;4.28
Conversor USB para RS232 e TTL  DL91;37.91
Modulo CAN BUS Arduino MCP2515 XL1050 OBDII;39.81
Leitor RFID RDM6300 125 KHz;36.01
Cabo RS232 USB Serial com CH340;25.56
Modulo Sensor de Inclinacao  Sensor Tilt para Arduino;10.88
Estrutura em MDF para Braco Robotico Arduino  Manual de Montagem;57.67
Display LCD 20x4 I2C com Fundo Azul;79.71
Modulo CAN BUS Arduino SN65HVD230 VP230;15.68
Roda para Robotica 38mm Slim Compativel com Motores com Caixa de Reducao e Servomotores;4.49
Modulo Display 7 Segmentos 4 Digitos Vermelho;16.91
Modulo Carregador de Bateria LiIon TP4056 Mini USB 18650;4.66
Sensor de Umidade de Solo Capacitivo 5V para Arduino  Jumper;14.16
Pedal Eletrico  Interruptor de Pedal 127V220V 10A NANF;45.13
Bombinha de Ar 5V MP130 1LMin;34.96
Sensor de Pressao Diferencial 40KPa PSG010R;22.85
Kit de Engrenagens para Robotica 75 Pecas KE75  Polias . Correias . Cremalheiras e Outros DIY Arduino;44.18
Sensor de Nivel de Agua Arduino  FD10;6.89
Sensor de Corrente AC  DC ACS758 100A Efeito Hall;32.78
Driver TB6612FNG Duplo Ponte H de Motor DC ou Passo;89.78
Mini Gerador de Energia Hidraulico  Gerador Hidreletrico para Projetos  8.8V a 15V DC;138.65
Controlador PWM para Velocidade de Motores 3 a 35V 5A ZSX4B;19.86
Sensor de Distancia VL53L0X  WCMCU531 de Alta Precisao;41.71
Polia GT2 16 Dentes Furo 5mm Para Correia De 6mm em Impressora 3D CNC;12.87
Disco Encoder para projetos com carrinhos roboticos;5.61
Modulo Chave Fim Curso  Sensor de\xa0Impacto Arduino para Projetos;10.36
Sensor Ultrassonico JSNSR04T a Prova Dagua  Modulo para Arduino;72.68
Sensor de Velocidade Arduino  Sensor de Contagem  Chave Optica para Encoder 5mm;9.41
Transmissor RF 433MHz  Receptor RF com Chip Super Heterodino  Antenas  STX882;37.91
Sensor de Chama  Fogo Infravermelho 5mm;7.93
Caixa Patola PB108 TE para Montagem 34 x 75 x 116 mm;15.11
Modulo Matriz de LED 8X8 Vermelho MAX7219  Jumpers;28.83
Mangueira de Gotejamento Microtubo para Irrigacao 14  Venda por Metro;5.94
Bico Gotejador Regulavel 14 040 Lh 8 Furos;2.51
Display OLED 0.96 I2C 128x64 Branco para Arduino;34.11
Sensor de Cor para Arduino  TCS230;85.41
Eletroima  Solenoide 20mm 2.5Kg;53.96
Modulo GSM Arduino SIM800L GPRSSMS QuadBand com slot para SIM;55.96
Conversor de Corrente para Tensao 420mA para 03.3V5V10V  XY10;24.61
Bico Nebulizador com Ajuste de Vazao  Conector T 14;5.61
Modulo MP3 Arduino DFPlayer Mini;21.76
Mini Solenoide 12V NF Tipo Tranca JF0520B;47.41
Suporte para Packs de Bateria 18650 Encaixavel  Kit com 4 Unidades;11.31
Ima De Neodimio N50 Super Forte 20mm X 3mm;15.87
Display LCD Nokia 5110 para Arduino  84x48 pixels;36.58
Amplificador de Instrumentacao AD620 3V ~ 12V;43.61
Modulo Gerador de Pulso Frequencia NE555 para Arduino  1Hz a 200kHz;9.88
Driver Controlador para motor DC  IRF520;12.83
Sensor de Tensao AC Zmpt101b  Voltimetro Arduino;28.41
Modulo LED RGB  ML016;5.49
Sensor Sharp GP2Y0A02YK0F  Sensor Infravermelho de Longo Alcance para Arduino  20 a 150cm  Cabo JST;69.83
Cabo Jumper 3 Pinos 70cm FemeaFemea para Impressora 3D;4.94
Cartao RFID 13.56MHz  Kit com 5 unidades;22.71
Modulo Display 7 Segmentos 2 Digitos Vermelho 74HC595;17.96
Esfera Deslizante 3PI para Carro Robo;10.48
Motor DC 36V 90 200RPM com Caixa de Reducao em L  48:1;18.91
Modulo Diodo Laser Arduino Vermelho com LED de Alta Potencia 5MW;11.31
Micromotor DC 12V N20 com Caixa de Reducao  3V:50RPM . 6V:100RPM . 12V:200RPM;49.31
Conector RJ45 Femea CAT5e;9.98
Gerador de Sinal PWM LCD com Duty Cycle e Frequencia Ajustavel 1Hz150Khz;54.06
Servo Motor MG996R Tower Pro 180 11kgf.cm de Posicao com Engrenagens Metalicas;62.61
Potenciometro Digital 10K X9C103S;28.41
Multiplexador TCA9548A I2C 1 a 8 Canais;14.16
Tomada Femea com Interruptor e Porta Fusivel para Impressora 3D e CNC 250VAC 10A;28.83
Mini Motor DC N20 para Projetos;11.88
Modulo Conversor USB para TTL CP2102;21.76
Shield Data Logger Arduino com RTC DS1307 para Registro de Dados;33.82
EasyDriver V44 A3967 para Motor de Passo;20.35
Rolamento Linear 8mm LM8UU para Impressora 3D e CNC;9.98
Motor Vibracall Redondo para Projetos Maker Diy  MV30;6.89
Sensor de Linha Infravermelho com Ajuste de Sensibilidade;12.26
Mini Sensor PIR de Movimento HCSR505 100;14.2
Case para Arduino Mega com Parafusos em Acrilico Transparente;32.21
Buzzer Ativo 3V Bip Continuo PCI 12mm;3.71
Sensor de Toque Capacitivo Arduino  ST235;9.45
Caixa Patola AD01 para Montagem 30 x 104 x 68 mm;15.87
Radar Doppler RCWL0516 Sensor de Movimento por Microondas para Arduino;10.42
Sensor de Corrente Nao Invasivo 100A SCT013  Saida 50mA;78.71
Porca Recartilhada M3 para Mesa Aquecida de Impressora 3D;4.65
Dimmer 2000W  Regulador De Tensao Eletrica SCR 50220VAC;36.96
Cremalheira para Robotica 125mm  CR15;5.61
Sensor de Pressao e Temperatura BMP280;13.59
Modulo Buzzer Ativo com jumper;14.67
Sensor de Linha Infravermelho 4 Sondas;19.86
Teclado Matricial para Arduino  04 teclas;8.46
Sinaleiro Olho de Boi 220V para Paineis de Indicacao  Verde;4.78
Micro Rolamento MR63 ZZ Blindado;4.49
Modulo Sensor de Vibracao SW18015 para Arduino;13.21
Sensor GY87 10 DOF  Acelerometro e Giroscopio MPU6050  Magnetometro HMC5883L  Barometro e Temperatura BMP180;78.76
Kit Controle Transmissor RF 4 canais  Receptor 315Mhz;32.82
Servo Motor tipo Futaba S3003 180 4.2Kgf.cm de Posicao;59.76
Display LCD 128x64 Pixels com Fundo Azul;122.46
Tomada Tripolar Macho para Paineis  10A 250V;3.76
Sensor de Turbidez Arduino ST100  Modulo de Leitura;139.84
Micro Servo 9g Tower Pro MG90S 360 2.2Kgf.cm Rotacao Continua com Engrenagens Metalicas;33.82
Display LCD 16x2  I2C com Fundo Verde;39.81
Modulo Buzzer Ativo 3.3V a 5V  BP19;5.89
Receptor Infravermelho  P14;11.18
Dimmer 4000W  Regulador De Tensao Eletrica SCR10220VAC;78.19
Conversor Digital Analogico DAC  MCP4725;29.36
Modulo Rele 12V 10A 16 Canais com Optoacopladores;129.11
Sensor de Corrente Nao Invasivo 30A SCT013  Saida 1V;81.51
Polia GT2 20 Dentes Furo 8mm Para Correia De 6mm em Impressora 3D CNC;12.87
Sensor de Umidade do Solo Arduino HD38;47.41
Caixa Patola  Case para Montagem 53 x 85 x 124 mm  PB112;19.86
Detector de Gas  Sensor de Gas MQ7  Monoxido de Carbono;17.96
Rele Temporizador Digital XYJ02 Ajustavel com Display e Micro USB  4 Modos de Uso;50.78
Sensor de Contagem duplo  Chave Optica  discos Encoder  HC 020K;62.9
Bussola Digital HMC5883  Magnetometro Tres Eixos GY273;28.41
Detector de Gas  Sensor de Gas MQ9  Monoxido de Carbono e Gases Inflamaveis;22.42
Servo Motor MG996R Tower Pro 360 11Kgf.cm Rotacao Continua com Engrenagens Metalicas;66.11
Cabo para Motor de Passo da Impressora 3D Conector Jumper 4  JST 6 com 4 Vias;10.36
Transceptor SI4463 HC12 RF 433MHz 1000 Metros  Antena;83.7
Sensor de Frequencia Cardiaca  Sensor de Pulso com Cabo para Arduino;36.81
Sensor de Tensao e Corrente MAX471 para Arduino  GY471;25.3
Max6675 Modulo de Leitura para Termopar Tipo K;37.91
Detector de Gas  Sensor de Gas MQ4  Metano e Gas Natural;18.76
Conversor Analogico Digital 16 Bits ADC  AD7705;27.46
Detector de Gas  Sensor de Gas MQ5  GLP (Gas de Cozinha) e Gas Natural;17.86
Suporte para Sensor Ultrassonico  Retangular em Acrilico;16.21
Rolamento de Esfera 608 ZZ Blindado (8x22x7);7.13
Transformador de Corrente TC  Sensor de Corrente 5A  ZMCT103C;18.95
Sensor de Nivel de Liquidos Sem Contato  XKCY25V;78.76
Sensor de Tensao DC 025V para Arduino  P25;7.51
Cabo Pigtail UFL com conector SMA Femea;13.21
Roda 42mm para Micromotor DC 12V N20 com Caixa de Reducao;9.88
Sensor Sharp GP2Y0A21YK0F Infravermelho de Longo Alcance para Arduino  10 a 80cm  Cabo JST;61.66
Modulo Rele 5V 2A 1 Canal Estado Solido SSR;18.86
Polia GT2 Tensora Lisa ID5 OD18 W6  Sem Dentes . Eixo 5mm . Diametro 18mm para Correia de 6mm;11.31
Sensor de Cor RGB TCS34725 com Filtro IR;68.6
Caixa Patola  Case para Pilhas AA 23 x 33 x 57 mm  Gabinete de Pilha;5.89
Modulo Sensor de Efeito Hall para Arduino  P16;8.08
Kit de Molas para Robotica 200 Pecas  Mola de Compressao e Extensao para Projetos DIY;84.46
Modulo Gravador de Voz com Microfone e Altofalante  ISD1820;25.18
Sensor de Contagem  Sensor de Velocidade  Chave Optica para Encoder 10mm;11.31
Modulo AS32TTL100 LoRa 433MHz  Antena de Longo Alcance;129.11
Caixa Patola PB1192 TE para Montagem 54 x 112 x 191 mm;46.79
Sensor Detector de Poeira e Fumaca DSM501A;69.83
Kit Leitor RFID NFC  Tags RFID (Chaveiro  Cartao) para Arduino  PN532;74.96
Conector F RG59 de Compressao;2.38
Pulseira RFID 13.56MHz em Silicone  Azul;18.22
Caixa Patola PB1122 TE para Montagem 38 x 85 x 124 mm;19.86
Nozzle Bico Extrusora Impressora 3D 0.4mm;5.61
Estaca para Microtubo 14  Suporte Mangueira de Gotejamento;2.45
Rele Shield 5V 3A  Relay Shield 4 Canais V1.0;47.41
Caixa Patola PB035 Case para Montagem 15 x 15 x 35 mm;3.67
Conversor Analogico Digital ADS1015 12 Bits 4 Canais ADC;72.96
Sensor De Vibracao  Sensor de Batida (Choque Mecanico) para Arduino  2578AYRG;11.88
Teclado Matricial 3x4 12 Teclas Rigido;41.85
Controlador de Carga  Placa de Protecao de Carga BMS para Bateria 18650 2S 10A 8.4V;22.71
Caixa Patola PB028 para Montagem 9 x 23 x 28 mm;4.28
Conversor de Nivel Logico 3.3  5V Bidirecional com 8 Canais;24.61
Modulo Rele 3V 10A 1 Canal com Optoacoplador para ESP32;24.84
Plug T  Conector Macho  Femea de Alta Corrente para Projetos;9.88
Caixa Patola PB025 para Montagem 26 x 15 x 42 mm;4.28
Valvula Solenoide para Gas e Ar 6V NA NF;39.7
Caixa Patola PB049 para Montagem 14 x 45 x 45 mm;4.89
Caixa Patola PB603 para Montagem 33 x 81 x 121 mm;19.86
Sensor de Corrente Nao Invasivo 100A SCT013  Saida 1V;75.91
Conector P2  Plug P2 Mono;1.43
Radar Doppler HB100  Sensor de Movimento por Microondas para Arduino;36.96
Motor DC 3V6V DC130 18000RPM 50mA;9.48
CNC Shield V3 Impressora 3D Arduino para 4 Drivers A4988;40.8
Caixa Patola PB605 para Montagem 40 x 81 x 121 mm;24.84
Sensor UV GuvaS12SD Ultravioleta para Arduino;44.56
Valvula Solenoide para Agua 220V NF 180 ( 34 x 34);66.41
Display OLED 0.96 SPI 128x64 para Arduino;44.79
Modulo de Memoria EEPROM AT24C256;13.21
Modulo Display 7 Segmentos Positivo Comum  P11;7.43
Valvula Solenoide para Agua 12V NF 90 (34 x mang. 38);66.41
Carrinho Arduino Redondo Robo 2WD 200RPM MDF 3mm  Kit Chassi Usinainfo;91.25
Cabo para Motor de Passo da Impressora 3D Conector JST 4  6 Pinos com 4 Vias;10.93
Valvula Solenoide para Agua 220V NF 180 (12 x 12);66.41
Caixa Patola PB1192 para Montagem 52 x 112 x 191 mm;39.81
Roda Boba Giratoria Metalica Rolamentada para Carro Robo;12.26
Sensor de Linha Infravermelho BFD1000 Com 5 Sondas  Detector de Distancia e Impacto Mecanico;41.8
TFT LCD 2.4 Shield Arduino Touch Screen com Slot SD;104.64
Caixa Patola PB065 para Montagem 28 x 44 x 65 mm;7.89
Shield Wifi Arduino ESP8266 ESP12e;66.41
Driver Motor Ponte H BTS7960B para Motor DC de Alta Corrente 43A;94.53
Modulo Microfone Eletreto Max9814 Amplificador com Controle Automatico de Ganho;36.96
Controlador de Carga 18650 3S BMS  Placa de Protecao de Carga para Bateria 18650 3S 25A 12V;19.86
Sensor de Toque Capacitivo 4 Teclas  TTP224;10.36
Caixa Patola PB150 para Montagem 100 x 150 x 214 mm;83.7
Caixa Patola PB202 para Montagem 50 x 70 x 98 mm;20.85
Sensor de Nivel de Liquidos Sem Contato  WS03;132.53
Laser Arduino Vermelho 12mm 5mW de Alta Potencia;3.59
Sensor de Temperatura NTC 100K 3950 para Impressora 3D;11.31
Sensor de Contagem 5mm Chave Optica para Encoder;36.81
Sensor de Umidade HR202L Higrometro HR31;10.36
Modulo Sensor de Pressao Diferencial MPS20N0040DD com Conversor Integrado;28.41
Modulo Rele 5V 10A 1 Canal HW307;10.36
Caixa PatolaPB029 para Montagem 11 x 20 x 32 mm;3.1
Modulo Sensor de Corrente AC  DC ACS758 50A Efeito Hall;55.96
Correia GT2 6mm para Impressora 3D e CNC 5 Metros;56.91
Regulador de Tensao Step Down DC AMS1117  Saida 3.3V  5V  12VDC;11.88
Modulo LED RGB 5050  KY009;6.41
Modulo Emissor Infravermelho  Receptor IR  Codificador Decodificador IR Serial para Arduino  YSIRTM;36.81
Protoshield V5  Prototype para Arduino  Protoboard 170 pontos;28.41
Filtro Snubber para Protecao de Reles;13.21
Sensor AHT10 de Alta Precisao para Medir Temperatura e Umidade;15.11
Servo Horn Disco Metalico 20mm 25T para Servo Motor;7.92
Sensor de Luminosidade Fotossensitivo LDR com Leds  P7;8.05
Modulo de Memoria Flash W25Q64 64 Mbit;15.17
Valvula Solenoide para Gas e Ar 12V NA;56.91
Modulo MP3 Arduino WTV020 com Entrada SD Card;33.89
Sensor Termostato ABS para protecao 35 graus;3.67
Detector de Gas  Sensor de Gas MQ6 GLP (Gas de Cozinha). Propano. Isobutano e Gas Natural Liquefeito;19.86
Detector de Gas  Sensor de Gas MQ3  Alcool  Etanol;25.56
Caixa Patola PB008 para Montagem 25 x 39 x 75 mm;6.89
Semaforo Arduino LED 3.3V5V 8mm  S3;10.36
Estrutura em MDF para Rastreador Solar Arduino  Manual de Montagem;25.84
Modulo Display 7 Segmentos TM1638 com 8 Leds e 8 Push Buttons;36.71
Sensor de Luz Ambiente TEMT6000;13.21
Valvula Solenoide para Agua 12V 90 NF (12 x 12);65.55
Tabela de Pinos Arduino Uno R3 em Couche Liso com Alta Resolucao;2.0
Celula de Carga 100g Sensor de Peso para Arduino TAL221;66.41
Expansor para Arduino Nano V3.0  EAN3.0;21.76
Modulo Receptor Radio FM TEA5767 Philips;19.86
Sensor de Inclinacao com Chave em Mercurio;24.05
Umidificador de Ar Ultrassonico 24V Nevoa 400 mlh;79.71
Mini Gerador Brushless de Energia MG10;24.61
Roldana V 24mm com Rolamento 625zz para Eixo 5mm;12.26
Modulo CAN BUS Arduino TJA1051;15.49
Caixa Patola PB9002 para Montagem 66 x 200 x 142 mm Preta;65.46
Sensor de Refletancia Digital Similar QTR8RC com 8 Sensores Infravermelhos de Linha;28.41
Detector de Gas  Sensor de Gas MQ8  Hidrogenio;18.53
Modulo Rele SLA05VDCSLC 5V 30A 1 Canal com Optoacoplador;36.01
Display TFT LCD 1.3 SPI RGB 240x240 ST7789;66.41
Hub USB 2.0 4 Portas com Interruptor ONOFF Individual e Led Indicador;28.12
Rolamento com Flange F625zz (5x16x5);9.88
Bombinha Submersa de Agua 12V CP40A Brushless 8LMin  OUTLET;54.06
Caixa Patola PB2012 para Montagem 40 x 72 x 86 mm;18.91
Cooler PC 120mm Fan 12V  Storm;29.93
Sensor de Corrente AC  DC ACS758 50A Efeito Hall;33.82
Caixa Patola PB211 para Montagem 70 x 139 x 155 mm;56.91
Decodificador DTMF MT8870 Para Celular;20.85
Buzzer Ativo 12V Bip Continuo PCI 12mm;3.5
Caixa Patola CF126 para Montagem 62 x 83 x 126 mm;19.29
Servo Driver 16 Canais PCA9685;36.48
Testador de Servo 3 Canais ou ESC  Servo Tester CCPM;19.86
Esfera Deslizante W420 para Carro Robo;11.77
Caixa Patola CP012 PF para Montagem 36 x 76 x 134 mm;19.86
Sensor de Pulso Infravermelho KY039 Para Batimentos Cardiacos;7.41
Sensor de Vibracao SW420;7.89
Sensor de Toque Capacitivo Httm com Led Azul;15.87
Tubo de Teflon Ptfe 4mm x 2mm para Filamento 1.75mm  1 Metro;19.86
Modulo Jack P4 (2.1x5.5mm) com 2 Saidas para Projetos;10.17
Caixa Patola PB2022 para Montagem 53 x 70 x 98 mm;19.86
Mancal com Rolamento Kfl08 para Eixo 8mm;27.84
Carrinho Arduino  Carro Robo 2WD 200RPM MDF  Kit Chassi Usinainfo;121.79
Sensor de Condutividade para Arduino  P24;5.89
Suporte para Sensor Ultrassonico  Retangular em MDF;3.14
Estrutura em MDF para Elevador Arduino Altum  Manual de Montagem;54.27
Matriz de LED 8X8 Vermelho;14.87
Rolamento com Flange F623zz (3x10x4);8.46
Caixa Patola PB0302 Case para Montagem 23 x 31 x 31 mm;3.79
Sensor de Umidade e Temperatura HTU21D;29.93
Sensor de Gestos e Cor APDS9960;38.75
Controlador de Carga  Placa de Protecao de Carga BMS para Bateria 18650 1S 10A 4.2V;16.86
Modulo Driver Controlador de Motor de Passo Unipolar  ULN2003;8.5
Modulo Adaptador USB Macho para DIP;10.17
Sensor de Nivel de Agua Horizontal tipo Boia;33.82
First Robot  Modulo Robo Led para Interacao com o Publico  PL2;20.35
Valvula Solenoide para Agua 12V NF 180 (14 x 14) Rosca Interna BSP;59.76
Suporte para Motor DC130;7.41
Fixador Emenda para Correia GT2;14.47
Detector de Metais 5V para Projetos DIY;28.41
Roldana 24mm com Rolamento 625zz para Eixo 5mm;14.87
Chassi Carrinho Arduino MDF com Eixo Movel V2  Manual de Montagem;33.45
Suporte para Display 16x2 Case em MDF  SD162;7.69
Microfone Omnidirecional INMP441 para Projetos;34.96
Cartucho Aquecedor 12V 40W para Impressora 3D Reprap;19.86
Ponte Retificadora com Diodo 1N4007 Onda Completa AC para DC;9.88
Modulo Ethernet W5500 Arduino;56.91
Kit para Arduino Standalone ATmega328P com Bootloader;79.71
Chassi em MDF para Robo Sumo Zumo Robot RS100 V2  Manual de Montagem;28.34
Grade para Cooler 120mm Metalica;7.93
Modulo Adaptador USB Femea 3.0 para DIP;6.89
Modulo Transmissor de Radio FM para Arduino  V2.0;56.91
Caixa Patola PB062 para Montagem 27 x 51 x 61 mm;5.61
Caixa Patola PB6002 para Montagem 38 x 106 x 124 mm;33.42
Tabela de Pinos Arduino Mega 2560 em Couche Liso com Alta Resolucao;2.0
Sensor de Umidade e Temperatura  DHT12;35.82
Suporte para Leitor Biometrico Arduino\xa0JM101. R305. R307;28.41
Modulo ZVS de Aquecimento por Inducao com Bobina 5 a 12V  MA712;90.16
Isolador Optico PC817 4 Canais 3.624V;23.66
Motor DC 12V com Caixa de Reducao 30RPM;125.44
Grampo para Mesa Aquecida Impressora 3D;8.18
Eletrodo ECG para Sensor Muscular e Sensor Cardiaco Arduino  Kit com 3 Unidades;8.45
Sensor de Temperatura DS18B20 a Prova DAgua Rosca G 12 com Poco;113.91
Conversor de Tensao para Corrente 05V PARA 420mA  CTC10;29.93
Mega Sensor Shield V2.0 para Arduino;28.83
TFT LCD 3.5 Shield Arduino Touch Screen com Slot SD;142.31
Kit Arduino Iniciante em Sensores V2;101.92
Caixa Patola SI003 para Montagem 15 x 22 x 76 mm;4.89
Shield Multifuncoes para Arduino K586 com Buzzer. Display. Push Button  Interfaces Extras;35.06
Kit de Pecas para Robotica DIY Arduino 50 Pecas;47.41
Sensor de Forca Resistivo 0.5 FSR402;69.73
Cabo Extensor USB AB Macho X Femea 30cm para Impressora 3D;13.21
Caixa Patola PB2032 para Montagem 46 x 87 x 98 mm;24.84
Display OLED 0.91 I2C 128x32 Branco para Arduino;34.82
Bombinha Submersa de Agua para Arduino 5V USB  JT160A 1.5LMin;70.21
Rele de Temperatura com NTC  Sensor de Temperatura com Rele;29.83
Mola Plana 20mm para Mesa Aquecida da Impressora 3D;3.9
Barra Magnetica Peixinho com Anel Central 20mm;10.88
Mola Plana 25mm para Mesa Aquecida da Impressora 3D;3.9
Mega Protoshield V3  Prototype para Arduino Mega  Protoboard 170 pontos;33.42
Transformador Trafo 12V  12VAC 2A Bivolt de Uso Geral;65.74
Modulo MP3 Decodificador com Recepcao Bluetooth e Conexoes Micro SD e USB;43.61
Rele com Controle Remoto 12V 10A 1 Canal 433MHz  Case;89.4
Modulo ESP8285 M3 WiFi Serial  ESPM3;29.36
Isolante Termico 3mm para Bloco Aquecedor do Hotend Impressora 3D;2.16
Leitor de Cartao de Memoria Micro SD com USB 2.0;9.41
Plug RCA Macho com Bornes;2.38
Rele de Atraso  Rele de Retardo 12V (0.13s a 60min) FC32A;39.9
Sensor de Temperatura PT100A 50 a  300C;19.48
Kit Arvore de Natal Led Piscante DIY para Aprendizagem Eletronica  AN16;45.98
Sensor de Pressao Absoluta MDPS002150kPa;23.66
Etiqueta NFC Tag 13.56Mhz Fundan F08 Adesiva  Kit com 2 Unidades;4.66
Modulo Potenciometro Deslizante 10k para Arduino;22.71
Roldana 15mm com Rolamento para Eixo 5mm;15.68
Suporte Acrilico para Micro Servo Motor Usinainfo  Compativel com SG90;16.21
Modulo Display LED 8 Digitos com Interface Controle SPI  MAX7219;28.41
Porca T Martelo M3 para Perfil VSlot 20  Kit com 4 Unidades;8.46
Modulo Driver PWM YYNMOS1 com Isolador Optico 1 Canal;24.61
Kit Eletronica Educacional com 8 Projetos Circuitos de Papel  KES8;61.12
Ramps 1.4 RepRap Shield Arduino para Impressora 3D;55.96
Modulo Chave Termica  Sensor De Temperatura Termistor Arduino  K275;9.45
Transformador de Corrente TC 5A 5V  Sensor de Corrente AC com Rele;49.78
Polia GT2 Tensora 20T ID5 OD18 W6  20 Dentes. Eixo 5mm. Diametro 18mm para Correia de 6mm;11.88
Case em MDF para Cofre Arduino Valorem  Manual de Montagem;32.9
Roda 34mm Slim para Micromotor DC 12V N20 com Caixa de Reducao;5.89
Conversor PWM para Tensao 0 A 10V;32.21
Mesa aquecida MK2B PCB 12V  24V para Impressora 3D RepRap;69.73
Castanha M8 com Mola Anti Folga para Fuso 8mm;17.96
Caixa Patola CF0702 para Montagem de Fonte de Alimentacao 47 x 56 x 79 mm;11.48
Modulo iBeacon NRF51822 RSSI BLE 4.0  Case;78.76
Sensor AM2320 de Umidade e Temperatura I2C;28.41
Sensor de Umidade e Temperatura SHTC3 DHT22 40 a 125C;42.66
Motor com Fios Soldados e Caixa de Reducao 48:1 200RPM  Roda;33.52
Nozzle Bico Extrusora Impressora 3D 0.3mm;5.61
Correia GT2 6mm Fechada 200mm para Impressora 3D e CNC;10.88
Micro Servo Emax Es08ma II 180 2.0Kgf.cm de Posicao com Engrenagens Metalicas;53.11
Controlador de Umidade do Solo com Rele 20 a 99% RH XHM214;56.91
Mini Bomba de Agua Submersa 12V AD20P Brushless 4LMin;62.61
Kit Projeto Relogio Eletronico Digital DIY STC11F02;51.78
Shield Data Logger com RTC DS1307 para Wemos D1 Mini;25.56
Caixa Patola PB048 para Montagem 19 x 40 x 54 mm Furada;4.89
Modulo LoRa 915Mhz SX1276 RF Wireless  Antena;85.41
Sensor AM2301 DHT21 de Umidade e Temperatura;47.41
Estrutura em MDF para Casa Automatizada Domum com ESP32 ou Arduino;85.06
Caixa Patola PB073 para Montagem 40 x 53 x 73 mm;7.49
Modulo Rele Para Controle Remoto 433MHz 10A 1 Canal  Compativel com Controle EV1527;56.91
Grilo Solar com Motor Vibracall e Painel Fotovoltaico  Kit Educacional;22.33
Modulo Potencia Mosfet HA210N06 210A  Controle para Mesa Aquecida Impressora 3D Ramps 1.4 e Anet A8;45.79
Shield Stepper Motor Arduino SM3D para Driver A4988 e DRV8825 para Impressora 3D;19.86
Sensor de Vibracao SW18015;3.9
Sensor De Temperatura PT100 com Sonda a Prova DAgua;28.41
Modulo Encoder 360 Redondo 5V CE11;16.91
Primeiros Passos com Sensores: Perceba o mundo usando eletronica. Arduino e Raspberry Pi;46.08
Controladora de CNC Interface Mach 3 Router Ate 5 Eixos  Cabo Usb  74HC;79.9
Kit Prototipagem Intermediario com Protoboard 830 Pontos  Jumpers  Fonte e Adaptador  68 Pecas;55.48
Sensor Magnetico NF de Embutir com Fios;15.56
Caixa Patola PB205 para Montagem 40 x 140 x 149 mm;56.91
Clapper Misofonico  Modulo Eletronico Rele para Controle Remoto com Infravermelho e Sensor de Som;124.64
Controle 433Mhz Transmissor RF 2 Canais Premium EV1527;32.82
Sensor Ultrassonico GYUS42 de Distancia 20 a 720cm;104.03
Sensor de Chama Infravermelho 3mm  P22;6.56
Sensor de Vibracao e Toque Piezoeletrico 20mm Analogico Digital;23.66
Suporte Eixo Linear Sk8 para Eixo 8mm;18.46
Cartucho Aquecedor 24V 40W para Impressora 3d Reprap;16.86
Sensor de Toque Capacitivo Httm com Led Vermelho;15.87
Gerador de Sinal PWM XYPWM1 com Display LCD. Duty Cycle e Frequencia Ajustavel  1Hz150Khz;82.56
Expansor Conversor AD  DA PCF8591 com Sensor de Luz e Temperatura  Jumpers;17.86
Valvula Solenoide para Agua 12V 90 NF (34 x 34);62.75
AVR ISP Shield FZ2665  Gravador AVR Bootloader Para Arduino;76.71
Polia GT2 Tensora 20T ID5 OD16 W6  20 Dentes.Eixo 5mm.Diametro 16mm para Correia de 6mm;11.88
Controlador PWM 1203BB 3A para Motor DC 0 a 100% com Reverso;32.82
Modulo Rele 3V 10A 2 Canais com Optoacopladores  para ESP32;48.38
Modulo Gerador de Pulso Frequencia NE555 para Arduino  5Hz a 2kHz;7.89
Nozzle Bico Extrusora Impressora 3D 0.2mm;6.18
Servo Motor SG5010 Tower Pro 180 11Kgf.cm de Posicao com Alto Torque;47.41
Micro Registro 14 para Irrigacao por Gotejamento;13.21
Antena 433MHz 5dbi  Cabo Pigtail UFL Mini com SMA Femea;39.81
Modulo Receptor Radio FM com antena  Philips TEA5767;66.41
Circulo de Led Enderecavel RGB WS2812 com 16 Leds;44.56
Barra Roscada Fuso M8 x 300mm para Impressora 3D  Castanha;66.41
Thermowell Poco para Sensor de Temperatura 30mm Rosca 12  Prensa Cabo PG7;47.41
Estrutura em MDF para Arvore de Natal Arbor;7.92
Kit de Parafusos 90 Pecas para Braco Robotico em MDF;20.15
Caixa Patola PB030 para Montagem 29 x 31 x 31 mm;4.66
Receptor 433Mhz RXB6 Super Heterodino;26.09
IO Expansion V5.0  Shield Arduino Expansor de Entradas e Saidas V5.0;49.78
Sensor de Qualidade do Ar ZP07MP503  Hidrogenio. Alcool. Monoxido de Carbono. Amonia. Fumaca de Cigarro e Etc;49.78
Polia GT2 Tensora Lisa ID5 OD18 W10  Sem Dentes Eixo 5mm Diametro 18mm para Correia de 10mm;12.47
Suporte Elevado para Sensor Ultrassonico em MDF;3.17
Modulo Bluetooth BT04E BLE 4.2  3.0 SPP Arduino Compativel com iOS e Android;23.66
Laser Vermelho de Alta Potencia 250mW com Foco Ajustavel;85.41
Engate Rapido Mangueira com Saida 38;16.86
Suporte para Display 20x4 Case em MDF  SD204;8.25
Barra Magnetica Peixinho com Anel Central 30mm;15.68
Modulo LED RGB 5V (VermelhoVerdeAzul)  P20;8.69
Placa de Protecao de Carga BMS 1S 3A 4.2V para Bateria 18650;5.61
Medidor de TDS Sensor de Condutividade da Agua Analogico;94.27
Modulo Rele 3V 10A 4 Canais com Optoacopladores para ESP32;73.32
Controlador De Nivel De Agua Eletronico XHM203 com Rele;49.97
Motor para Drone Hubsan X4 de Alta Rotacao H107A03  Kit com 4 unidades;136.55
Joystick Arcade 8 Posicoes  Bola Vermelha;53.77
Modulo Sensor Magnetico de Efeito Hall 3144 Arduino;24.37
Dimmer 100W  Regulador De Tensao Eletrica 220VAC DIY;18.91
Kit Agulha de Limpeza para Bico de Impressora 3D RepRap 0.2 a 0.40mm 10 Unidades;32.55
Polia GT2 Tensora 16T ID3 OD13 W6  16 Dentes. Eixo 3mm. Diametro 13mm para Correia de 6mm;11.88
Kit de Engrenagens para Robotica Diy 120 Pecas;59.76
Maquina para Relogio de Parede Quartzo DIY Universal;10.93
Caixa Patola  Case para Montagem 41 x 49 x 65 mm  CF0662;9.88
Mini Amplificador de Som OEP30WX2 Estereo 2 Canais 30W  30W;23.85
Extrusora Hotend V6 LD 0.4 1.75mm Longa Distancia com Aquecedor. Termistor. Bico e Cooler  Tubo ptfe;98.66
Caixa Patola PB22070 para Montagem 71 x 228 x 190 mm;125.59
Controle para PC USB tipo Nintendo Compativel com Raspberry Pi  KP3124;44.18
Placa de Desenvolvimento STM32F411 com USB tipo C;99.66
Dado Eletronico para Programacao  PL3;21.52
Valvula Solenoide para Agua 12V NA 180 ( 12 x 12);75.91
Bico Gotejador Regulavel Estaca com Bico Nebulizador 14;13.49
Kit Gerador de Alta Tensao HV1 DIY Entrada 3 a 5V DC e Saida 15000V;34.96
Amplificador Max31865 RTD para Pt1000;89.78
Estrutura em MDF para Mini Casa Sustentavel DIY;31.73
Kit Prototipagem Basico com Protoboard 400 Pontos  Jumpers  41 Pecas;43.99
Livro Arduino  Movimento. Luz e Som com Arduino e Raspberry Pi;78.4
Kit Luz Estroboscopica NE555  CD4017 DIY;31.23
Livro Manual de Projetos do Arduino: 25 Projetos Praticos para Comecar com Arduino;83.79
Modulo Sensor de Umidade HR202L Higrometro HR31 com Encapsulamento;13.47
Correia GT2 6mm Fechada 852mm para Impressora 3D e CNC;30.88
ULN2003 Driver para Motor de Passo;9.88
Colar de Bloqueio Fuso T8 Impressora 3D;7.41
Modulo Teclado com 5 Botoes ADKeyboard;22.33
Transformador de Corrente TC 5A 12V  Sensor de Corrente AC com Rele;37.91
Nozzle Bico Extrusora Impressora 3D 0.5mm;6.92
Polia GT2 Tensora Lisa ID3 OD13 W6  Sem Dentes. Eixo 3mm. Diametro 13mm para Correia de 6mm;11.88
Tubo de Teflon Ptfe 4mm x 3mm para Filamento 2.85mm  1 Metro;18.91
TFT LCD 3.95 Shield Arduino Touch Screen com Slot SD;113.05
Sensor de Proximidade TMD27713 (LED IR  ALS);36.81
Modulo Rele 2 Canais Micro USB com Conversor CH340;89.68
Case em MDF para Useless Box Caixa Inutil BS100  Manual de Montagem;40.28
Case em MDF para Jogo do Labirinto Ludio  Manual de Montagem;39.1
Display OLED 0.91 I2C 128x32 Azul para Arduino;33.82
Valvula Solenoide para Agua 12V NA 180 ( 34 x 34);66.74
Livro Eletronica Facil  Aprenda de Modo Rapido. Simples e Divertido;36.96
Isolamento Termico para Impressora 3D AutoAdesivo 20x20cm;28.25
Controlador PWM 15A 1000W  para Velocidade de Motores 6V a 90V;53.11
Suporte para Motor K30  Kit com 2 Unidades;5.89
Kit Joystick Arduino em Acrilico com Comando Analogico Duplo  Parafusos de Fixacao;45.59
Furador para Mangueira de Irrigacao por Gotejamento Duplo 3 e 4mm;14.87
Kit Piano Eletrico DIY NE555 com 8 Teclas e AltoFalante;24.84
Sensor de Nivel de Agua Vertical 200mm em Aco Inoxidavel para Agua Quente;66.41
Kit Coracao de Led Pulsante DIY 4V a 6V para Aprendizagem Eletronica HBL22  Vermelho;19.86
Kit Projeto Relogio Eletronico Digital STC12C2052 com Alarme DIY;59.76
Polia GT2 Tensora 20T ID3 OD16 W6  20 Dentes. Eixo 3mm. Diametro 16mm para Correia de 6mm;11.88
Suporte para Motor de Passo Nema 17 42x42mm em MDF  SN42;4.2
Conversor RS485 para Sensor PT100 Modbus RTU;59.76
Controle Wii Nunchuck para Arduino;61.85
Barra Roscada Fuso M8 x 200mm para Impressora 3D  Castanha;72.35
Suporte Eixo Linear Shf8 para Eixo 8mm;23.75
Kit Coracao de Led Pulsante DIY 4V a 6V para Aprendizagem Eletronica HBL22  Azul;19.86
Motor Shield L298 Driver Ponte H com Interface para Servo Motor e Bluetooth;104.03
Polia GT2 Tensora 20T ID3 OD18 W6  20 Dentes. Eixo 3mm. Diametro 18mm para Correia de 6mm;11.88
Display LCD 128x64 JLX12864G086 SPI;66.41
Conversor Analogico Digital ADS1115 16 Bits 4 Canais ADC;73.91
Shield Arduino Multifuncoes K596 com DHT11. LM35. Receptor IR. LDR. LEDs. Buzzer e Outros;64.74
Barra Roscada Fuso M8 x 100mm para Impressora 3D  Castanha;49.98
Mini Bobina de Tesla Musical 15V DIY;59.76
Livro Arduino  Guia do Maker para o Apocalipse Zumbi;59.76
Nano IO Shield  Expansor para Arduino Nano com Slot para Xbee e NRF24L01  RBT1.0;36.81
Livro Aprenda Eletronica com Arduino;87.88
Sensor de Fluxo de Agua com Interruptor Magnetico EFS04P G12;42.66
Motor DC 6V JGA25 com Caixa de Reducao 211RPM;121.7
Correia GT2 6mm Fechada 110mm para Impressora 3D e CNC;10.22
Espatula para Impressora 3D Super Fina em Aco;14.23
Transmissor de Temperatura Pt100 Conversor 50~200C Saida 0 a 10V;79.75
Sensor Shield V4.0 para Arduino;29.83
Sensor de Chuva Arduino CJMCU606;61.06
Polia GT2 Tensora Lisa ID3 OD16 W6  Sem Dentes. Eixo 3mm. Diametro 16mm para Correia de 6mm;13.2
Modulo Rele 3V 10A 8 Canais com Optoacopladores para ESP32;123.22
Controlador PWM 20A 1200W para Velocidade de Motores 10V a 60V;39.81
Estrutura MDF para Carro Robo 2WD;17.16
Conversor Serial UART TTL para Ethernet TCPIP HS2003;113.53
Antena 433MHz 3dbi  Cabo Pigtail UFL Mini com SMA Femea;28.41
Modulo de Memoria EEPROM Mini  AT24C02;11.31
Cortador de Mangueira e Tubo Pu ou Pa  CM14;29.34
Suporte Eixo Linear Sk12 para Eixo 12mm;15.68
Estrutura MDF para Alimentador Automatico Pets Canem  Manual de Montagem;81.1
Sensor de Fluxo de Agua YFB7 G 12 125 lmin Metalico com Sensor de Temperatura;85.41
Sensor de Vibracao e Toque Piezoeletrico 27mm Analogico;14.16
Modulo Programador Attiny85 Attiny13A Attiny25 e Attiny45 com Micro USB;9.88
Botao Power 16mm com Fios para Rig de Mineracao em Aluminio com LED Azul;40.34
Conversor Serial TTL para RS485 MAX1348 TTL485 V2.0;22.71
Conversor RS485 para 020mA 420mA Modbus RTU;59.76
Controlador Grafico para Painel de Impressora 3D RepRap com LCD 20x4 e Slot SD;125.59
Shield Data Logger para Arduino Nano com RTC DS1307 para Registro de Dados;77.71
Openlog Datalogger Arduino Registrador de Dados Serial ATmega328P com Slot Micro SD;65.46
Polia GT2 Tensora Lisa ID3 OD18 W6  Sem Dentes Eixo 3mm Diametro 18mm para Correia de 6mm;11.88
Rele com Controle Remoto Infravermelho 5V 10A 1 Canal  IR05V;46.79
Sensor de Distancia a Laser TOF10120 de Alta Precisao  Cabo  10 a 180cm;109.16
Case em MDF para Termometro Infravermelho Arduino TI100;16.72
Mini Motor DC N40 3.7V para Projetos;10.48
Isolador Optico SV5A1R1PN 1 Canal 5V;28.83
Caixa Patola PB0732 para Montagem 40 x 53 x 73 mm;7.58
Kit Joystick Arduino em MDF com Comando Analogico Duplo  Parafusos de Fixacao;36.42
Extrusora Hotend V6 LD 0.4 3.0mm Longa Distancia com Aquecedor Termistor Bico e Cooler  Tubo ptfe;94.4
Rolamento de Esfera 6001 ZZ Blindado (12x28x8);10.36
Kit de Nivelamento para Mesa Aquecida da Impressora 3D  CR10;16.86
Controlador de Carga XYCD60L para Bateria de Litio e Chumbo 6V60V;75.91
Gerador de Funcoes XR2206 DIY 1Hz a 1Mhz;52.16
Buzzer Ativo 24V Bip Continuo PCI 12mm;3.7
Sensor de Corrente AC  DC 150A Efeito Hall ACS758;35.53
Chassi Arduino Tanque tipo Lagarta 2WD MDF com Esteiras  CT200;73.53
Rolamento com Flange F684zz (4x95x4);8.88
Correia GT2 6mm Fechada 610mm para Impressora 3D e CNC;19.86
Modulo LoRa 868Mhz SX1276 RF Wireless  Antena;83.7
Mini Motor DC N50 3.7V para Projetos;15.11
Receptor 433Mhz RXC6 PT2262 Super Heterodino  Antena  Compativel com Controle EV1527;28.41
Polia GT2 Tensora 20T ID5 OD18 W10  20 Dentes Eixo 5mm Diametro 18mm para Correia de 10mm;12.47
Servo Motor TD8120MG Tiankongrc 180 20Kgf.cm de Posicao com Alto Torque e Engrenagens Metalicas;132.91
Extensor para Rig de Mineracao RM4G6F V3 com 4 GPUs e 6 Fans MDF 6mm  Manual de Montagem;79.33
Rolamento Linear 12mm LM12UU para Impressora 3D e CNC;17.47
Sensor de Umidade HR202L Higrometro HR31 com Encapsulamento;9.88
Rolamento com Flange F604zz (4x12x4);8.88
Borracha Passa Fio N40  Kit com 10 Unidades;6.89
Mancal Kp08 com Rolamento para Eixo 8mm;52.06
Livro Como Montar um Robo com Arduino;34.11
Sensor de Nivelamento Indutivo NPN PL08N NA 8mm;37.91
Circulo de Led Giratorio DIY Ativado por Som com CD4017;19.86
Conector Reto Pneumatico 4mm x Rosca Macho 38;4.66
Placa de Protecao para Bateria BMS 18650 3S 10A 12V HX3SFL10;14.87
Wemos Samd21 Mini Cortex M0 32bits 48MHz;141.46
Modulo Gerador PWM TL494 500Hz100kHz;17.96
Balanca para Arduino em MDF 6mm com 2 Celulas de Carga de 50kg  PL100;75.42
Mini Umidificador de Ar Ultrassonico 5V Nevoa 40 mlh;31.26
Conversor RS485 Modbus para Sinal de Entrada 2 x 420mA;49.31
Suporte para Castanha M8 Trapezoidal Impressora 3D;50.14
Modulo Rele 5V 10A 16 Canais com Optoacopladores;137.75
Cabo Adaptador Y 8x8 (2x62) 18AWG para GPUs de Mineracao;36.9
Extensor para Rig de Mineracao RM4G6F V2 com 4 GPUs e 6 Fans MDF 6mm  Manual de Montagem;88.8
Mini Casa Sustentavel DIY com Geracao de Energia Manual Completa;114.7
Matriz de LED 8x16 Azul I2C 128 Leds AIP1640;66.41
Engrenagem Extrusora Ultimaker 2 Serrilhada Furo 5mm Impressora 3D;19.86
Estrutura em MDF para Robo Ludos;20.62
Suporte Exaustor Superior MDF SES3 para 3 Fans em Rig de Mineracao;49.16
Conversor de Frequencia 0 a 1KHz para Tensao 0 a 10V;45.19
Micro Motor de Passo 5V 8x9mm Eixo 0.75mm;11.31
Eixo Linear 8mm x 370mm para Impressora 3D;80.31
Display OLED 0.42 I2C 70x40 Branco para Arduino;39.73
Isolador PTFE 1.75mm Hotend Olsson Ultimaker 2;16.86
Receptor FM PLL LCD 87108MHZ com Tela de 1  Compativel com Comando Serial;74.01
Modulo Rele RS485 12V ModbusRtu 1 Canal;68.31
Estrutura em MDF para Toca Discos Vinil DIY Orbis  Manual de Montagem;42.52
Kit Arvore de Natal MDF com Leds DIY Arbor para Aprendizagem Eletronica;78.74
Balanca para Arduino em MDF 6mm com 4 Celulas de Carga de 50kg  PL200;106.39
Valvula de Bloqueio Pneumatica 4mm Manual com Conexao Instantanea;13.21
Arduino UNO Wifi Atmega328P com ESP8266 e CH340;113.53
Conversor USB para TTL RS232 PL2303 Prolific;14.16
Sensor de Presenca de Filamento para Impressora 3D;39.81
Conector Engate Rapido com Rosca de 34 e Reducao para 12;13.87
Expansor para Arduino Nano V3 com Bornes;17.96
Waldunano V1 Shield para Arduino Nano com Conexao para ESP8266 Bluetooth Display Xbee;39.81
Kit de Pecas em MDF para Robotica 62 Pecas DIY KTE01;29.55
Extrusora Impressora 3D Mk10 1.75mm  Lado Direito;59.76
Isolador PTFE 3mm Hotend Olsson Ultimaker 2;16.86
Bloco Aquecedor Hotend RepRap Impressora 3D;23.85
Gerador Onda Senoidal EGS002 ( EG8010  IR2110)  Display LCD 3220;98.75
Motor de Passo 12V 012Kgf.cm 16HA0003C;118.7
Motor DC 12V TKF37JPG3429670 com Caixa de Reducao 13RPM 85Kgf.cm;109.23
Modulo MP3 DYSV17F com Memoria 4 MByte IO UART 5W;33.82
Fechadura Eletrica Solenoide 12V NF Compacta FEC91  Lingueta Superior;47.41
Extrusora Impressora 3D Mk10 1.75mm  Lado Esquerdo;59.76
Suporte para Teclado Matricial 3x4 12 Teclas  Case Inclinado em MDF;11.42
Placa Nano Every ATmega4808 Arduino Compativel;128.68
Sensor de Toque Capacitivo com Mola para Controle Luminoso;16.86
Controlador PWM 10A 400W para Velocidade de Motores 12V a 40V;50.78
Adaptador Add2psu para Ligar Duas Fontes Atx  24 Pinos;27.06
Sensor de Proximidade E3FDS30C1 Infravermelho NPN NO  Deteccao 10 a 30cm;49.78
Modulo Sensor de PH BNC PH4502C Sem Sonda;128.68
Driver Controlador RGB P9813 para Leds e Fitas de Led;74.96
Sensor de Umidade de Solo 12V com Rele FC50;28.41
Sirene para Alarme 6~24V 90dB de Alta Potencia LZQ3D;28.41
Modulo Ethernet LAN8720 RMII com RJ45;39.43
Sensor de Umidade e Temperatura HDC1080;39.43
Fixador Suporte U para Hotend V6;12.87
Extrusora Hotend V6 SD 0.4 3.0mm Curta Distancia com Aquecedor Termistor Bico e Cooler  Tubo ptfe;98.66
Joystick Arduino 5 Eixos IO Keypad com Teclado Matricial 2x5;70.84
Case em MDF para Voltimetro Analogico VA100;17.67
Livro Nas Linhas do Arduino: Programacao Wiring para Nao Programadores;55.48
Mini Motor DC N20 para Projetos Eixo 1x1.6mm;15.23
Filtro de Linha 3 Tomadas 8A Bivolt FLP3 3 Metros com Fusivel de Protecao e Chave ONOFF  Ideal para Rig de...;69.73
Extensor para Rig de Mineracao RM4G6F V3 Preto com 4 GPUs e 6 Fans MDF 6mm  Manual de Montagem;115.97
Conversor RS485 para Sensor NTC 10K Modbus RTU;68.78
Bussola Digital GY511 LSM303DLHC com Magnetometro e Acelerometro 3 Eixos;34.96
Controlador de Carga para Bateria 12V XHM601 com Rele e Trimpots;25.56
Modulo FTDI FT232RL Conversor USB Serial TTL e RS232 com Seletor 3.3V  5V;27.46
Kit Irrigacao por Gotejamento Completo 14 5m  KG5;132.1
Dissipador de Calor M6 11mm Impressora 3D;17.86
Camiseta Maker Hello World  Preta M;62.71
Suporte Eixo Linear Sk16 para Eixo 16mm;23.85
Sensor de Fumaca HIS07 com Camara de Ions;26.9
Cabo Hub Multi Fan para 5 Fans Cooler 3 ou 4 Pinos Pwm com Molex;37.91
Y Uniao Pneumatica 4mm com Conexao Instantanea;6.56
Conversor RS485 para Pinos Digitais TTL CMOS IO Modbus RTU;76.71
Antena Helicoidal 433Mhz Dourada;5.61
Controlador de Rele 8 Canais 5V RS485 Modbus RTU RS232 TTL;65.84
Irrigador por Gotejamento para Garrafa Pet\xa0com Ajuste de Vazao;8.46
Cabo Pigtail UFL com conector SMA Femea  Sem Porca;13.21
Bico Gotejador Regulavel 14 040 Lh 8 Furos  Kit com 5 Unidades;11.29
Modulo de Memoria USB 8GB para Armazenamento de Dados;44.85
Modulo de Memoria USB 16GB para Armazenamento de Dados;60.72
Placa Distribuicao Energia ESC para Drone Quadricoptero  PD60;69.46
Sintonizador TDA7786 AM  FM de Alto Desempenho;69.73
Estrutura MDF para Balanca com 2 Celulas de Carga PL100;23.47
Controle Remoto 433Mhz Transmissor RF 4 Canais EV1527;48.18
Cabo ATX 24 pinos PSU para Ligar 3 Fontes na Rig de Mineracao;34.11
Estrutura MDF para Carro Robo Redondo 2WD;22.79
Sensor PIR de Movimento BTE1619 120;34.11
Kit Ampulheta Eletronica DIY 5V com Leds;39.81
Kit Projeto Diy Sino Led com Balanco Eletronico;63.56
Interruptor Sonoff WiFi RE5V1c com Rele de Estado Solido 10A;84.84
Modulo GPS Arduino GYNEO6MV2 com Antena  OUTLET;61.66
Sensor de Peso Celula de Carga 0 a 5kg para Arduino  OUTLET;29.64
Receptor 315Mhz RXB22 Super Heterodino;15.96
Rolamento Linear 16mm LM16UU para Impressora 3D e CNC;25.0
Base Shield Arduino  Expansor de Entradas e Saidas V1.1;121.54
Rolamento com Flange F624zz G (4x13x5);8.88
PS2 Arduino Conversor PS2 para TWI I2C;53.35
Estrutura MDF para Balanca com 4 Celulas de Carga PL200;25.37
Estrutura em MDF para Jogo do Choque com Arduino DIY Storm V1;36.48
Controlador PWM 1203BS 3A para Motor DC  0 a 100% com Reverso;52.63
Mini Carro Solar Nano com Motor e Painel Fotovoltaico  VB030;22.71
Leitor Biometrico para Arduino AS608  Cabo;127.78
Acelerometro e Giroscopio MPU9250  GY9250;132.05
Teclado Matricial Membrana 3x4 12 Teclas;9.98
Camiseta Maker Trust Me Im a Maker  Preta GG;62.71
Camiseta Maker Trust Me Im a Maker Robotic  Preta GG;62.71
Waldunano V2 Shield para Arduino Nano com Conexao para ESP8266 Bluetooth Display e Xbee;43.94
Cabo ATX 24 pinos PSU para Ligar 2 Fontes na Rig de Mineracao;28.41
Grove Speaker Amplificador de Audio com Alto Falante  Cabo;53.11
Regulador de Fluxo Pneumatico 4mm x Rosca 38;7.51
Conversor RS485 para Sensor SHT30 Modbus RTU;72.77
Conversor RS485  RS232 para Rele 12V Modbus RTU;72.72
Teclado Matricial 4x4 16 Teclas Rigido;45.79
Kit de Isolamento para Medidor de TDS V1.0;17.96
Suporte para Roda 68mm com Eixo Duplo  Sem Motor;9.41
Emenda para Mini Bomba de Agua Peristaltica  Kit com 2 Unidades;9.41
Controlador de Carga Solar 10A PWM 12V24V com 2 portas USB 158A;85.41
Case para Arduino Mega com Parafusos em Acrilico Transparente  OUTLET;25.56
Sensor de Obstaculo Reflexivo Infravermelho HW201 com Ajuste de Sensibilidade;21.38
Fechadura Eletronica 12V SARY 50mm com Deteccao de Abertura;119.61
Interruptor Remoto 433Mhz Botao Portatil RF 1 Canal EV1527 5mW;33.16
Espelho Maquina Corte Laser Co2 Mo 20mm;82.82
Camiseta Maker Trust Me Im a Maker  Preta M;62.71
Camiseta Maker Trust Me Im a Maker Robotic  Preta M;62.71
Camiseta Maker Trust Me Im a Maker  Roxa M;62.71
Camiseta Maker Trust Me Im a Maker  Preta G;62.71
Uniao Reta Pneumatica 4mm com Conexao Instantanea;3.71
Cotovelo Uniao Pneumatica 90 4mm com Conexao Instantanea;2.76
Sensor de Movimento PIR Sem Fio Rf 433Mhz Infravermelho;117.61
Sonoff Mini R2 WiFi com Interruptor Paralelo;94.05
Modulo 6 Leds com Resistor para Testes com Arduino;25.56
Modulo Controlador Serial CAN BUS TJA1050;18.91
Modulo de Controle Paralelo para Motor de Passo Nema 17;19.86
Sensor de Temperatura LM75A I2C de Alta Velocidade;24.61
Modulo High Speed CAN BUS MCP2551;20.81
Conversor de Nivel Logico I2C 5V para 3.3V HW024;7.51
Sensor de Nivelamento Indutivo NPN SN04N NA 4mm  OUTLET;17.96
Modulo Display 7 Segmentos 2 Digitos Vermelho 74HC595  OUTLET;12.26
