title,price
Placa Uno R3 Arduino + Cabo USB,"por R$ 119,23"
Placa Uno SMD Arduino + Cabo USB,"por R$ 75,91"
Placa Leonardo R3 Arduino + Cabo USB,"por R$ 94,53"
Placa Mega 2560 R3 Arduino + Cabo USB,"por R$ 217,08"
Placa Nano V3 Arduino Compatível,"por R$ 64,51"
Placa Micro R3 Arduino Compatível,"por R$ 131,47"
Placa Pro Micro ATmega32U4 Arduino Compatível,"por R$ 79,71"
Placa Pro Mini ATmega328 Arduino Compatível,"por R$ 69,26"
Nano V3 Arduino Compatível,"por R$ 51,21"
Pro Mini Arduino Compatível LGT8F328P,"por R$ 36,96"
Tag iButton TM F5 64 Bits - Chaveiro com codificação única,"por R$ 12,92"
Interruptor Liga/Desliga tipo Gangorra 10A/120 6A/250V - Preto,"por R$ 2,51"
Buzzer Ativo 5V Bip Contínuo PCI 12mm,"por R$ 3,66"
Micro Servo Motor 9g SG90 180° 1.6Kgf.cm de Posição,"por R$ 21,76"
Sensor Ultrassônico de Distância HC-SR04,"por R$ 13,78"
"Jack P4 (2,1x5,5mm) para Placas de Circuito Impresso","por R$ 1,51"
Sensor de Temperatura DS 18B20 à Prova D'Água,"por R$ 15,68"
Módulo Relé 5V 10A 1 Canal com Optoacoplador para ESP32 e Arduino,"por R$ 13,87"
"Jack P4 Plástico (2,1x5,5mm) para Paineis e Chassis","por R$ 2,80"
Leitor iButton DS9092 com LED para Controle de Acesso,"por R$ 29,93"
Motor DC 3-6V 200RPM com Caixa de Redução e Eixo Duplo 48:1,"por R$ 16,10"
Mini Bomba de Água para Arduino 12V RS385 2L/Min,"por R$ 59,76"
Módulo Conversor Amplificador HX711 24bit 2 Canais,"por R$ 11,88"
Display LCD 16x2 com fundo azul,"por R$ 27,46"
Fonte de Alimentação para Arduino 9VDC 1A Plug P4,"por R$ 19,86"
Conector DB9 Serial RS232 - Fêmea,"por R$ 2,51"
Motor DC 3V DC130 15000RPM 950mA,"por R$ 9,41"
Sensor de Nível de Água com Boia Horizontal,"por R$ 28,41"
Sensor Reflexivo Infravermelho TCRT5000 - Kit com 2 unidades,"por R$ 4,90"
Módulo Bluetooth HC-05 Arduino - Master/Slave,"por R$ 42,66"
Chave Alavanca MTS-102 3T 2 Posições 6A,"por R$ 4,89"
Buzzer Passivo 5V PCI 12mm,"por R$ 2,98"
Módulo Relé 5V 10A 2 canais com Optoacopladores,"por R$ 21,38"
Módulo Sensor Reflexivo Infravermelho TCRT5000,"por R$ 7,29"
Conector DB9 Serial RS232 - Macho,"por R$ 2,51"
Conversor Serial TTL para RS485,"por R$ 8,46"
Chave Gangorra Liga Desliga 10A,"por R$ 2,51"
Motor DC 3-6V 80RPM com Caixa de Redução e Eixo Duplo 120:1,"por R$ 19,86"
Conversor USB para RS485 CH340 Modbus,"por R$ 14,06"
Módulo Carregador de Bateria Li-Ion TP4056 com Micro USB 18650,"por R$ 6,89"
Sensor de Temperatura com NTC 10K à Prova D'Água - MF58,"por R$ 9,98"
Módulo Adaptador I2C (IIC) / Conversor para LCD 16X2 e 20X4,"por R$ 11,52"
Sensor PIR de Movimento HC-SR501 100°,"por R$ 16,63"
Driver Ponte H ou Motor de Passo - L298,"por R$ 32,21"
Pastilha Peltier 12V -30° a 70º C - TEC1-12706,"por R$ 32,21"
SD Card Arduino / Leitor Micro SD Card,"por R$ 8,88"
Conversor RS232 para RS485 Sintechi,"por R$ 37,91"
Kit Arduino Iniciante Parland US10 + Guia de Projetos,"por R$ 120,94"
Ethernet Shield R3 W5100 para Arduino,"por R$ 185,54"
Módulo Relé 5V 10A 4 Canais com Optoacopladores,"por R$ 33,16"
Nrf24l01 Transceptor Wireless 2.4GHz,"por R$ 12,26"
Módulo Dimmer para Arduino Pic MC-8A com sinal Zero Cross 127V,"por R$ 43,99"
Motor Vibracall para Projetos,"por R$ 7,51"
ESP32S NodeMCU Iot com WiFi e Bluetooth - 38 Pinos,"por R$ 75,91"
Kit Componentes Eletrônicos 111 peças,"por R$ 48,02"
Motor de Passo 28BYJ-48 + Driver ULN2003,"por R$ 26,51"
"Conversor de Nível Lógico 3,3 / 5V Bidirecional - CNL35","por R$ 6,46"
Kit RC522 Leitor RFID + Tags (Chaveiro + Cartão),"por R$ 24,61"
ATmega328P DIP-28 + Bootloader Arduino,"por R$ 56,91"
Conectores RJ45 Lite - Kit com 10 unidades,"por R$ 3,71"
Driver Duplo Ponte H de motor DC ou Passo L9110s,"por R$ 13,78"
Sensor de Umidade e Temperatura DHT11,"por R$ 15,01"
Sensor de Fluxo de Água YF-S201 G1/2 1-30 l/min,"por R$ 49,31"
Sensor de Nível de Água tipo Boia,"por R$ 19,86"
DIP Switch / Chave DIP 4 vias,"por R$ 3,14"
Display LCD 16x2 com fundo verde,"por R$ 27,46"
Carregador de Bateria Li-Ion TP4056 V2 Micro USB e Pinos de Saída 18650,"por R$ 7,13"
Sensor de Peso / Célula de Carga 50kg para Arduino,"por R$ 16,91"
DS18B20 Sensor de Temperatura Digital,"por R$ 12,83"
Mini Bomba de Ar e Vácuo 12V TYAP127 5L/Min,"por R$ 199,03"
Driver Motor de Passo A4988 + Dissipador de Calor,"por R$ 16,10"
Cabo Extensor para Servo Motor - 30cm Macho/Fêmea,"por R$ 6,56"
Diodo Laser Arduino Vermelho de Alta Potência 5mW,"por R$ 5,89"
"Conversor USB para TTL RS232 CH340 para Arduino Pro Mini, ESP8266 e Atinny","por R$ 12,87"
Joystick Arduino KY023 3 Eixos,"por R$ 9,41"
Mini Bomba de Água Peristáltica 12V CKP-DC-S08 90ml/Min,"por R$ 66,41"
Módulo Relógio Tempo Real RTC Compacto - DS1307,"por R$ 9,88"
Módulo Sensor de Umidade e Temperatura DHT11 + Jumpers,"por R$ 17,96"
Receptor Infravermelho 1838B Universal - Ideal para Arduino e Pic,"por R$ 2,84"
Módulo FTDI FT232R Conversor USB para TTL e RS232 Serial  3.3V / 5V,"por R$ 25,56"
Isolador Térmico TEC1-12706 para Isolação de Pastilha Peltier,"por R$ 3,82"
Detector de Gás / Sensor de Gás MQ-2 - Gás Inflamável e Fumaça,"por R$ 17,58"
Strain Gauge Extensômetro de Resistência Elétrica tipo Folha,"por R$ 9,93"
Módulo Relógio Tempo Real RTC com Sensor de Temperatura - DS3231,"por R$ 33,16"
"Sensor de Fluxo de Água YF-S401 0,3-6 l/min","por R$ 47,41"
"Gerador de Alta Tensão LG-105 Entrada 3,6 a 6V DC e Saída 400000V","por R$ 28,41"
Esfera Deslizante Metálica para Carro Robô,"por R$ 14,16"
Transmissor RF + Receptor 433Mhz,"por R$ 11,88"
Imã De Neodímio N50 Super Forte 10mm X 4mm - Kit com 10 Unidades,"por R$ 18,91"
Kit Termopar Tipo K 0 a 800°C + Módulo de Leitura Max6675,"por R$ 47,41"
Sensor de Corrente ACS712 30A AC / DC com Efeito Hall,"por R$ 19,86"
Sensor de Umidade e Temperatura AM2302 DHT22 -40 a 80°C,"por R$ 63,56"
Válvula Solenoide para Água 127V NF 180° ( 3/4 x 3/4),"por R$ 66,41"
Sensor Tilt / Sensor de Inclinação SW-520D,"por R$ 6,60"
Controlador PWM D4184 / Módulo De Potência Mosfet 30A 400W 36V,"por R$ 12,26"
Nrf24l01 PA NA Wireless Arduino ( WIFI ) 2.4GHz Longo Alcance + Antena,"por R$ 35,06"
Case para Arduino Uno com Parafusos em Acrílico Transparente,"por R$ 17,96"
"Detector de Gás / Sensor de Gás MQ-135 - Amônia, Óxido Nítrico, Álcool, Benzeno, Dióxido de Carbono...","por R$ 18,91"
Sensor de Corrente ACS712 5A AC / DC com Efeito Hall,"por R$ 17,96"
Teclado Matricial Membrana 4x4 16 Teclas,"por R$ 11,48"
Bombinha de Vácuo e Ar 12V 2.5L/Min RK-370,"por R$ 85,41"
Sensor Magnético NA de Sobrepor com Fios,"por R$ 10,88"
Módulo GPS Arduino GY-NEO6MV2 + Antena,"por R$ 66,41"
Caixa Patola PB-062/2 para Montagem 27 x 44 x 51 mm,"por R$ 4,89"
Motor Shield Arduino L293D Driver Ponte H,"por R$ 31,26"
Sensor Magnético NA de Embutir com Fios,"por R$ 13,21"
Pulsador Push Button NA 16mm em Aço Inox com Borne a Parafuso - Impermeável,"por R$ 15,68"
Módulo Relógio Tempo Real RTC - DS1302,"por R$ 9,88"
Servo Motor MG995 Tower Pro 180° 11kgf.cm de Posição com Engrenagens Metálicas,"por R$ 69,73"
Led Endereçável RGB 5050 WS2812,"por R$ 6,54"
Fechadura Elétrica Solenóide 12V NF Compacta FEC-91 - Lingueta Inferior,"por R$ 43,61"
Módulo Adaptador Micro USB Fêmea para DIP,"por R$ 3,71"
Sensor de Efeito Hall US1881 / U18,"por R$ 4,28"
Buzzer Passivo / Módulo Transdutor - BP18,"por R$ 6,60"
Caixa Patola PB-075/2 para Montagem 24 x 60 x 75 mm,"por R$ 7,78"
Mini Conversor RS232 para TTL MAX3232,"por R$ 6,18"
Módulo Sensor de Luminosidade LDR para Arduino e ESP32,"por R$ 7,41"
Roda 68 tipo Estrela para Chassi Robótico,"por R$ 9,45"
Kit Controle Remoto Infravermelho + Receptor - KY-022,"por R$ 18,91"
Mini SD Card Arduino / Mini Leitor Micro SD Card,"por R$ 7,51"
"Mini Arruela M1,6 Metálica - Kit com 10 unidades","por R$ 3,14"
Micro Servo 9g Tower Pro MG90S 180° 2.2Kgf.cm de Posição com Engrenagens Metálicas,"por R$ 35,06"
Sensor de Peso Célula de Carga 0 a 5kg para Arduino,"por R$ 29,36"
Caixa Patola PB-048 para Montagem 19 x 40 x 54 mm,"por R$ 4,89"
Sensor de Tensão DC 0-25V,"por R$ 7,51"
Mini Bomba De Vácuo e Ar 6V SC3704PM 1.8L/Min,"por R$ 34,11"
Módulo Sensor Magnético para Arduino,"por R$ 9,41"
Sensor de Proximidade E18-D80NK Infravermelho NPN - Detecção 3 a 80cm,"por R$ 39,81"
Conversor RS232 para TTL MAX3232 com DB9,"por R$ 10,88"
Cabo Jumper 4 Pinos 70cm Fêmea/Fêmea para Impressora 3D,"por R$ 8,08"
DHT22 Sensor de Umidade e Temperatura,"por R$ 47,41"
Interruptor Liga/Desliga com Chave de Segurança - KS-01,"por R$ 16,06"
Válvula Solenoide para Água 12V NF 180° (1/2 x 1/2),"por R$ 66,41"
Sensor de Pressão e Temperatura BMP180,"por R$ 15,96"
Mini Carro Solar com Motor e Painel Fotovoltaico - VB218,"por R$ 49,88"
Módulo ESP8266 ESP12e WiFi Serial,"por R$ 27,46"
Módulo Amplificador Operacional LM358 Ganho 100X,"por R$ 11,37"
Módulo Bluetooth HC-08 4.0 BLE Arduino para iPhone e iPad - Master/Slave,"por R$ 43,80"
QRE1113 Sensor de Linha Analógico IR,"por R$ 6,18"
Sensor de Som KY-038 para Arduino,"por R$ 11,88"
Módulo Dimmer para Arduino Pic MC-8A com sinal Zero Cross 220V,"por R$ 43,99"
Caixa Patola / Case para Montagem 55 x 97 x 148 mm - PB-114,"por R$ 27,46"
Lâmpada de Neon NE2 6x16mm,"por R$ 1,50"
Display LCD 16x2 I2C com Fundo Azul,"por R$ 37,91"
Válvula Solenoide para Água 127V NF 180° (1/2 x 1/2),"por R$ 66,41"
Arduino Sensor Shield - Expansor de Entradas e Saídas V5.0,"por R$ 18,91"
Chaveiro RFID 13.56MHz com Tag para Controle de Acesso,"por R$ 3,99"
Sensor de Chuva Arduino FC37 + Módulo de Leitura,"por R$ 14,87"
Sensor de Luminosidade Fotossensitivo LDR - P13,"por R$ 5,23"
Caixa Patola BALOON para Montagem 17 x 50 x 27 mm,"por R$ 6,56"
Caixa Patola PB-108 para Montagem 32 x 75 x 116 mm,"por R$ 15,11"
Fechadura Elétrica Solenóide 12V NF FE-91 - Lingueta Reversível,"por R$ 104,03"
Caixa Patola PB-080 para Montagem 29 x 42 x 82 mm,"por R$ 9,41"
"Sensor de Pressão, Umidade e Temperatura BME280","por R$ 84,46"
Caixa Patola PB-082 para Montagem 27 x 43 x 94 mm,"por R$ 9,88"
Sensor de Umidade e Temperatura SHT20 + Encapsulamento IP65,"por R$ 142,03"
Sensor Indutivo 4mm (Distância Sensora 4mm) - LJ12A3  NPN NA,"por R$ 35,06"
Módulo Relé 5V 10A 8 Canais com Optoacopladores,"por R$ 66,41"
Driver Duplo Ponte H de Motor DC ou Passo - DRV8833,"por R$ 22,85"
Display LCD 20x4 com Fundo Azul,"por R$ 66,41"
Conector T 1/4 para Microtubo de Irrigação,"por R$ 2,51"
Transdutor Buzzer Piezoelétrico 3 a 24VDC -SFM-27-B,"por R$ 12,83"
Tomada Fêmea 3 Pinos 10A 250V - Margirius,"por R$ 12,26"
LCD Keypad Shield Display 16x2 para Arduino,"por R$ 42,66"
Válvula Solenoide para Água 12V NF 180° (3/4 x 3/4),"por R$ 61,66"
Módulo Sensor de Efeito Hall para Arduino,"por R$ 7,49"
Módulo Multiplexador 74HC4067 / HP4067 CMOS Analógico Digital 16 Canais,"por R$ 11,88"
Módulo Bluetooth HC-06 Arduino - Slave,"por R$ 37,91"
Suporte PAN TILT SG90 - Plataforma Móvel para Robótica,"por R$ 21,38"
Sensor de Nível de Água em Aço Inoxidável para Água Quente,"por R$ 59,76"
Mini Bomba de Água Submersa 2.5 a 6V JT100 1.5L/Min,"por R$ 26,84"
Módulo Ethernet Mini ENC28J60,"por R$ 69,83"
Case SZOMK para Montagem 145x90x40mm / Gabinete para Trilho Din + Bornes,"por R$ 78,76"
Sensor de Luz BH1750-FVI / Sensor de Luminosidade Lux Digital - GY30,"por R$ 19,46"
Estrutura para Esteira Arduino em MDF + Manual de Montagem,"por R$ 133,32"
Driver Motor de Passo DRV8825 + Dissipador de Calor,"por R$ 24,61"
Sensor de Fluxo de Água YF-S403 G3/4 1-60 l/min,"por R$ 88,68"
Sensor de Tensão e Corrente INA219 De Alta Precisão,"por R$ 34,96"
Módulo Adaptador USB Fêmea 2.0 para DIP,"por R$ 4,28"
Conversor USB para RS232 e TTL - DL91,"por R$ 37,91"
Módulo CAN BUS Arduino MCP2515 XL1050 OBDII,"por R$ 39,81"
Leitor RFID RDM6300 125 KHz,"por R$ 36,01"
Cabo RS232 USB Serial com CH340,"por R$ 25,56"
Módulo Sensor de Inclinação / Sensor Tilt para Arduino,"por R$ 10,88"
Estrutura em MDF para Braço Robótico Arduino + Manual de Montagem,"por R$ 57,67"
Display LCD 20x4 I2C com Fundo Azul,"por R$ 79,71"
Módulo CAN BUS Arduino SN65HVD230 VP230,"por R$ 15,68"
Roda para Robótica 38mm Slim Compatível com Motores com Caixa de Redução e Servomotores,"por R$ 4,49"
Módulo Display 7 Segmentos 4 Dígitos Vermelho,"por R$ 16,91"
Braço Robótico Arduino Completo + Manual de Montagem,"por R$ 311,23"
Módulo Carregador de Bateria Li-Ion TP4056 Mini USB 18650,"por R$ 4,66"
Sensor de Umidade de Solo Capacitivo 5V para Arduino + Jumper,"por R$ 14,16"
Pedal Elétrico / Interruptor de Pedal 127V/220V 10A NA/NF,"por R$ 45,13"
Bombinha de Ar 5V MP130 1L/Min,"por R$ 34,96"
Sensor de Pressão Diferencial 40KPa PSG010R,"por R$ 22,85"
"Kit de Engrenagens para Robótica 75 Peças KE75 / Polias, Correias, Cremalheiras e Outros DIY Arduino","por R$ 44,18"
Sensor de Nível de Água Arduino - FD10,"por R$ 6,89"
Sensor de Corrente AC / DC ACS758 100A Efeito Hall,"por R$ 32,78"
Driver TB6612FNG Duplo Ponte H de Motor DC ou Passo,"por R$ 89,78"
"Mini Gerador de Energia Hidráulico / Gerador Hidrelétrico para Projetos - 8,8V a 15V DC","por R$ 138,65"
Controlador PWM para Velocidade de Motores 3 a 35V 5A ZS-X4B,"por R$ 19,86"
Sensor de Distância VL53L0X / WCMCU-531 de Alta Precisão,"por R$ 41,71"
Polia GT2 16 Dentes Furo 5mm Para Correia De 6mm em Impressora 3D CNC,"por R$ 12,87"
Disco Encoder para projetos com carrinhos robóticos,"por R$ 5,61"
Módulo Chave Fim Curso / Sensor de Impacto Arduino para Projetos,"por R$ 10,36"
Sensor Ultrassônico JSN-SR04T a Prova D'água + Módulo para Arduino,"por R$ 72,68"
Sensor de Velocidade Arduino / Sensor de Contagem - Chave Óptica para Encoder 5mm,"por R$ 9,41"
Transmissor RF 433MHz + Receptor RF com Chip Super Heteródino + Antenas - STX882,"por R$ 37,91"
Sensor de Chama / Fogo Infravermelho 5mm,"por R$ 7,93"
Caixa Patola PB-108 TE para Montagem 34 x 75 x 116 mm,"por R$ 15,11"
Módulo Matriz de LED 8X8 Vermelho MAX7219 + Jumpers,"por R$ 28,83"
Mangueira de Gotejamento Microtubo para Irrigação 1/4 - Venda por Metro,"por R$ 5,94"
Bico Gotejador Regulável 1/4 0-40 L/h 8 Furos,"por R$ 2,51"
"Display OLED 0.96"" I2C 128x64 Branco para Arduino","por R$ 34,11"
Sensor de Cor para Arduino - TCS230,"por R$ 85,41"
"Eletroimã / Solenóide 20mm 2,5Kg","por R$ 53,96"
Módulo GSM Arduino SIM800L GPRS/SMS Quad-Band com slot para SIM,"por R$ 55,96"
Conversor de Corrente para Tensão 4-20mA para 0-3.3V/5V/10V - XY10,"por R$ 24,61"
Bico Nebulizador com Ajuste de Vazão + Conector T 1/4,"por R$ 5,61"
Módulo MP3 Arduino DFPlayer Mini,"por R$ 21,76"
Mini Solenóide 12V NF Tipo Tranca JF-0520B,"por R$ 47,41"
Suporte para Packs de Bateria 18650 Encaixável - Kit com 4 Unidades,"por R$ 11,31"
Imã De Neodímio N50 Super Forte 20mm X 3mm,"por R$ 15,87"
Display LCD Nokia 5110 para Arduino - 84x48 pixels,"por R$ 36,58"
Amplificador de Instrumentação AD620 3V ~ 12V,"por R$ 43,61"
Módulo Gerador de Pulso Frequência NE555 para Arduino - 1Hz a 200kHz,"por R$ 9,88"
Kit Arduino Universitário Parland UN10 + Guia de Projetos,"por R$ 230,32"
Driver Controlador para motor DC - IRF520,"por R$ 12,83"
Sensor de Tensão AC Zmpt101b / Voltímetro Arduino,"por R$ 28,41"
Kit Arduino Avançado Parland KS10 + Guia de Projetos,"por R$ 265,27"
Módulo LED RGB - ML-016,"por R$ 5,49"
Sensor Sharp GP2Y0A02YK0F / Sensor Infravermelho de Longo Alcance para Arduino - 20 a 150cm + Cabo JST,"por R$ 69,83"
Cabo Jumper 3 Pinos 70cm Fêmea/Fêmea para Impressora 3D,"por R$ 4,94"
Cartão RFID 13.56MHz - Kit com 5 unidades,"por R$ 22,71"
Módulo Display 7 Segmentos 2 Dígitos Vermelho 74HC595,"por R$ 17,96"
Esfera Deslizante 3PI para Carro Robô,"por R$ 10,48"
Motor DC 3-6V 90° 200RPM com Caixa de Redução em L  48:1,"por R$ 18,91"
Módulo Diodo Laser Arduino Vermelho com LED de Alta Potência 5MW,"por R$ 11,31"
"Micromotor DC 12V N20 com Caixa de Redução - 3V:50RPM, 6V:100RPM, 12V:200RPM","por R$ 49,31"
Conector RJ45 Fêmea CAT5e,"por R$ 9,98"
Gerador de Sinal PWM LCD com Duty Cycle e Frequência Ajustável 1Hz-150Khz,"por R$ 54,06"
Servo Motor MG996R Tower Pro 180° 11kgf.cm de Posição com Engrenagens Metálicas,"por R$ 62,61"
Potenciômetro Digital 10K X9C103S,"por R$ 28,41"
Multiplexador TCA9548A I2C 1 a 8 Canais,"por R$ 14,16"
Tomada Fêmea com Interruptor e Porta Fusível para Impressora 3D e CNC 250VAC 10A,"por R$ 28,83"
Sensor de Umidade e Temperatura SHT20 com Sonda À Prova d'Água - KLDZ88,"por R$ 189,53"
Mini Motor DC N20 para Projetos,"por R$ 11,88"
Módulo Conversor USB para TTL CP2102,"por R$ 21,76"
Shield Data Logger Arduino com RTC DS1307 para Registro de Dados,"por R$ 33,82"
EasyDriver V44 A3967 para Motor de Passo,"por R$ 20,35"
Pluviômetro de Báscula Digital Arduino para Estação Meteorológica - PB10,"por R$ 445,55"
Rolamento Linear 8mm LM8UU para Impressora 3D e CNC,"por R$ 9,98"
Motor Vibracall Redondo para Projetos Maker Diy - MV30,"por R$ 6,89"
Sensor de Linha Infravermelho com Ajuste de Sensibilidade,"por R$ 12,26"
Mini Sensor PIR de Movimento HC-SR505 100°,"por R$ 14,20"
Case para Arduino Mega com Parafusos em Acrílico Transparente,"por R$ 32,21"
Buzzer Ativo 3V Bip Contínuo PCI 12mm,"por R$ 3,71"
Sensor de Toque Capacitivo Arduino - ST235,"por R$ 9,45"
Caixa Patola AD-01 para Montagem 30 x 104 x 68 mm,"por R$ 15,87"
Radar Doppler RCWL-0516 Sensor de Movimento por Microondas para Arduino,"por R$ 10,42"
Sensor de Corrente Não Invasivo 100A SCT013 - Saída 50mA,"por R$ 78,71"
Porca Recartilhada M3 para Mesa Aquecida de Impressora 3D,"por R$ 4,65"
Dimmer 2000W / Regulador De Tensão Elétrica SCR 50-220VAC,"por R$ 36,96"
Cremalheira para Robótica 125mm - CR15,"por R$ 5,61"
Sensor de Pressão e Temperatura BMP280,"por R$ 13,59"
Módulo Buzzer Ativo com jumper,"por R$ 14,67"
Sensor de Linha Infravermelho 4 Sondas,"por R$ 19,86"
Teclado Matricial para Arduino - 04 teclas,"por R$ 8,46"
Sinaleiro Olho de Boi 220V para Painéis de Indicação - Verde,"por R$ 4,78"
Micro Rolamento MR63 ZZ Blindado,"por R$ 4,49"
Módulo Sensor de Vibração SW-18015 para Arduino,"por R$ 13,21"
Sensor GY-87 10 DOF - Acelerômetro e Giroscópio MPU-6050 / Magnetômetro HMC5883L / Barômetro e Temperatura BMP180,"por R$ 78,76"
Kit Controle Transmissor RF 4 canais + Receptor 315Mhz,"por R$ 32,82"
Servo Motor tipo Futaba S3003 180º 4.2Kgf.cm de Posição,"por R$ 59,76"
Display LCD 128x64 Pixels com Fundo Azul,"por R$ 122,46"
Carrinho Arduino MDF 4WD 200RPM V2 com Micro Servo Motor e Eixo Móvel Kit Chassi + Manual de Montagem,"por R$ 175,59"
Tomada Tripolar Macho para Painéis - 10A 250V,"por R$ 3,76"
Sensor de Turbidez Arduino ST100 + Módulo de Leitura,"por R$ 139,84"
Micro Servo 9g Tower Pro MG90S 360° 2.2Kgf.cm Rotação Contínua com Engrenagens Metálicas,"por R$ 33,82"
Display LCD 16x2  I2C com Fundo Verde,"por R$ 39,81"
"Módulo Buzzer Ativo 3,3V a 5V - BP19","por R$ 5,89"
Receptor Infravermelho - P14,"por R$ 11,18"
Dimmer 4000W / Regulador De Tensão Elétrica SCR10-220VAC,"por R$ 78,19"
Conversor Digital Analógico DAC - MCP4725,"por R$ 29,36"
Módulo Relé 12V 10A 16 Canais com Optoacopladores,"por R$ 129,11"
Sensor de Corrente Não Invasivo 30A SCT013 - Saída 1V,"por R$ 81,51"
Polia GT2 20 Dentes Furo 8mm Para Correia De 6mm em Impressora 3D CNC,"por R$ 12,87"
Sensor de Umidade do Solo Arduino HD-38,"por R$ 47,41"
Caixa Patola / Case para Montagem 53 x 85 x 124 mm - PB-112,"por R$ 19,86"
Detector de Gás / Sensor de Gás MQ-7 - Monóxido de Carbono,"por R$ 17,96"
Relé Temporizador Digital XY-J02 Ajustável com Display e Micro USB - 4 Modos de Uso,"por R$ 50,78"
Sensor de Contagem duplo / Chave Óptica + discos Encoder - HC 020K,"R$ 62,90,por R$ 44,56"
Bússola Digital HMC5883 / Magnetômetro Três Eixos GY-273,"por R$ 28,41"
Detector de Gás / Sensor de Gás MQ-9 - Monóxido de Carbono e Gases Inflamáveis,"por R$ 22,42"
Servo Motor MG996R Tower Pro 360° 11Kgf.cm Rotação Contínua com Engrenagens Metálicas,"por R$ 66,11"
Cabo para Motor de Passo da Impressora 3D Conector Jumper 4 / JST 6 com 4 Vias,"por R$ 10,36"
Transceptor SI4463 HC12 RF 433MHz 1000 Metros + Antena,"por R$ 83,70"
Sensor de Frequência Cardíaca / Sensor de Pulso com Cabo para Arduino,"por R$ 36,81"
Sensor de Tensão e Corrente MAX471 para Arduino - GY471,"por R$ 25,30"
Max6675 Módulo de Leitura para Termopar Tipo K,"por R$ 37,91"
Detector de Gás / Sensor de Gás MQ-4 - Metano e Gás Natural,"por R$ 18,76"
Conversor Analógico Digital 16 Bits ADC - AD7705,"por R$ 27,46"
Mini Bobina de Tesla BT15 V2 Microtech Kit Educacional,"por R$ 158,94"
Detector de Gás / Sensor de Gás MQ-5 - GLP (Gás de Cozinha) e Gás Natural,"por R$ 17,86"
Suporte para Sensor Ultrassônico - Retangular em Acrílico,"por R$ 16,21"
Sensor Capacitivo de Proximidade  CR18-8DP PNP NA (Distância Sensora 0 a 8mm),"por R$ 159,70"
Rolamento de Esfera 608 ZZ Blindado (8x22x7),"por R$ 7,13"
Transformador de Corrente TC / Sensor de Corrente 5A - ZMCT103C,"por R$ 18,95"
Sensor de Nível de Líquidos Sem Contato - XKC-Y25-V,"por R$ 78,76"
Sensor de Tensão DC 0-25V para Arduino - P25,"por R$ 7,51"
Cabo Pigtail UFL com conector SMA Fêmea,"por R$ 13,21"
Roda 42mm para Micromotor DC 12V N20 com Caixa de Redução,"por R$ 9,88"
Sensor Sharp GP2Y0A21YK0F Infravermelho de Longo Alcance para Arduino - 10 a 80cm + Cabo JST,"por R$ 61,66"
Módulo Relé 5V 2A 1 Canal Estado Sólido SSR,"por R$ 18,86"
"Polia GT2 Tensora Lisa ID5 OD18 W6 / Sem Dentes, Eixo 5mm, Diâmetro 18mm para Correia de 6mm","por R$ 11,31"
Sensor de Cor RGB TCS34725 com Filtro IR,"por R$ 68,60"
Rig de Mineração para 4 GPUs e 6 Fans MDF 6mm RM4G6F V3 + Manual de Montagem,"por R$ 151,63"
Caixa Patola / Case para Pilhas AA 23 x 33 x 57 mm - Gabinete de Pilha,"por R$ 5,89"
Módulo Sensor de Efeito Hall para Arduino - P16,"por R$ 8,08"
Kit de Molas para Robótica 200 Peças / Mola de Compressão e Extensão para Projetos DIY,"por R$ 84,46"
Módulo Gravador de Voz com Microfone e Alto-falante - ISD1820,"por R$ 25,18"
Sensor de Contagem / Sensor de Velocidade - Chave Óptica para Encoder 10mm,"por R$ 11,31"
Módulo AS32-TTL-100 LoRa 433MHz + Antena de Longo Alcance,"por R$ 129,11"
Caixa Patola PB-119/2 TE para Montagem 54 x 112 x 191 mm,"por R$ 46,79"
Sensor Detector de Poeira e Fumaça DSM501A,"por R$ 69,83"
Kit Leitor RFID NFC + Tags RFID (Chaveiro + Cartão) para Arduino - PN532,"por R$ 74,96"
Conector F RG59 de Compressão,"por R$ 2,38"
Pulseira RFID 13.56MHz em Silicone - Azul,"por R$ 18,22"
Caixa Patola PB-112/2 TE para Montagem 38 x 85 x 124 mm,"por R$ 19,86"
Nozzle Bico Extrusora Impressora 3D 0.4mm,"por R$ 5,61"
Estaca para Microtubo 1/4 / Suporte Mangueira de Gotejamento,"por R$ 2,45"
Relé Shield 5V 3A / Relay Shield 4 Canais V1.0,"por R$ 47,41"
Caixa Patola PB-035 Case para Montagem 15 x 15 x 35 mm,"por R$ 3,67"
Conversor Analógico Digital ADS1015 12 Bits 4 Canais ADC,"por R$ 72,96"
Sensor De Vibração / Sensor de Batida (Choque Mecânico) para Arduino - 2578AY-RG,"por R$ 11,88"
Teclado Matricial 3x4 12 Teclas Rígido,"por R$ 41,85"
Controlador de Carga / Placa de Proteção de Carga BMS para Bateria 18650 2S 10A 8.4V,"por R$ 22,71"
Caixa Patola PB-028 para Montagem 9 x 23 x 28 mm,"por R$ 4,28"
"Conversor de Nível Lógico 3,3 / 5V Bidirecional com 8 Canais","por R$ 24,61"
Módulo Relé 3V 10A 1 Canal com Optoacoplador para ESP32,"por R$ 24,84"
Plug T / Conector Macho + Fêmea de Alta Corrente para Projetos,"por R$ 9,88"
Caixa Patola PB-025 para Montagem 26 x 15 x 42 mm,"por R$ 4,28"
Válvula Solenoide para Gás e Ar 6V NA NF,"por R$ 39,70"
Caixa Patola PB-049 para Montagem 14 x 45 x 45 mm,"por R$ 4,89"
Caixa Patola PB-603 para Montagem 33 x 81 x 121 mm,"por R$ 19,86"
Sensor de Corrente Não Invasivo 100A SCT013 - Saída 1V,"por R$ 75,91"
Conector P2 / Plug P2 Mono,"por R$ 1,43"
Radar Doppler HB100 / Sensor de Movimento por Microondas para Arduino,"por R$ 36,96"
Motor DC 3V-6V DC130 18000RPM 50mA,"por R$ 9,48"
CNC Shield V3 Impressora 3D Arduino para 4 Drivers A4988,"por R$ 40,80"
Caixa Patola PB-605 para Montagem 40 x 81 x 121 mm,"por R$ 24,84"
Sensor UV Guva-S12SD Ultravioleta para Arduino,"por R$ 44,56"
Válvula Solenoide para Água 220V NF 180° ( 3/4 x 3/4),"por R$ 66,41"
"Display OLED 0.96"" SPI 128x64 para Arduino","por R$ 44,79"
Módulo de Memória EEPROM AT24C256,"por R$ 13,21"
Módulo Display 7 Segmentos Positivo Comum - P11,"por R$ 7,43"
Válvula Solenoide para Água 12V NF 90° (3/4 x mang. 3/8),"por R$ 66,41"
Carrinho Arduino Redondo Robô 2WD 200RPM MDF 3mm - Kit Chassi Usinainfo,"por R$ 91,25"
Cabo para Motor de Passo da Impressora 3D Conector JST 4 / 6 Pinos com 4 Vias,"por R$ 10,93"
Válvula Solenoide para Água 220V NF 180° (1/2 x 1/2),"por R$ 66,41"
Caixa Patola PB-119/2 para Montagem 52 x 112 x 191 mm,"por R$ 39,81"
Roda Boba Giratória Metálica Rolamentada para Carro Robô,"por R$ 12,26"
Sensor de Linha Infravermelho BFD-1000 Com 5 Sondas + Detector de Distância e Impacto Mecânico,"por R$ 41,80"
"TFT LCD 2.4"" Shield Arduino Touch Screen com Slot SD","por R$ 104,64"
Caixa Patola PB-065 para Montagem 28 x 44 x 65 mm,"por R$ 7,89"
Shield Wifi Arduino ESP8266 ESP12e,"por R$ 66,41"
Driver Motor Ponte H BTS7960B para Motor DC de Alta Corrente 43A,"por R$ 94,53"
Módulo Microfone Eletreto Max9814 Amplificador com Controle Automático de Ganho,"por R$ 36,96"
Controlador de Carga 18650 3S BMS / Placa de Proteção de Carga para Bateria 18650 3S 25A 12V,"por R$ 19,86"
Conversor RS232 para Ethernet TCP/IP USR-TCP232-302,"por R$ 400,90"
Rastreador Solar Arduino Solis Completo + Manual de Montagem,"por R$ 261,31"
Carrinho Arduino Controlado por Smartphone - Montado e Pronto para Uso - PL200A V1,"por R$ 394,51"
Sensor de Toque Capacitivo 4 Teclas - TTP224,"por R$ 10,36"
Caixa Patola PB-150 para Montagem 100 x 150 x 214 mm,"por R$ 83,70"
Caixa Patola PB-202 para Montagem 50 x 70 x 98 mm,"por R$ 20,85"
Sensor de Nível de Líquidos Sem Contato - WS03,"por R$ 132,53"
Laser Arduino Vermelho 12mm 5mW de Alta Potência,"por R$ 3,59"
Sensor de Temperatura NTC 100K 3950 para Impressora 3D,"por R$ 11,31"
Sensor de Contagem 5mm Chave Óptica para Encoder,"por R$ 36,81"
Sensor de Umidade HR202L Higrômetro HR31,"por R$ 10,36"
Módulo Sensor de Pressão Diferencial MPS20N0040D-D com Conversor Integrado,"por R$ 28,41"
Conversor RS485 / RS232 / RS422 para Ethernet TCP/IP USR-TCP232-306 + Fonte de Alimentação,"por R$ 448,31"
Módulo Relé 5V 10A 1 Canal HW-307,"por R$ 10,36"
Caixa PatolaPB-029 para Montagem 11 x 20 x 32 mm,"por R$ 3,10"
Módulo Sensor de Corrente AC / DC ACS758 50A Efeito Hall,"por R$ 55,96"
Correia GT2 6mm para Impressora 3D e CNC 5 Metros,"por R$ 56,91"
Regulador de Tensão Step Down DC AMS1117 - Saída 3.3V / 5V / 12VDC,"por R$ 11,88"
Módulo LED RGB 5050 - KY-009,"por R$ 6,41"
Módulo Emissor Infravermelho + Receptor IR / Codificador Decodificador IR Serial para Arduino - YS-IRTM,"por R$ 36,81"
Protoshield V5 / Prototype para Arduino + Protoboard 170 pontos,"por R$ 28,41"
Filtro Snubber para Proteção de Relés,"por R$ 13,21"
Sensor AHT10 de Alta Precisão para Medir Temperatura e Umidade,"por R$ 15,11"
Servo Horn Disco Metálico 20mm 25T para Servo Motor,"por R$ 7,92"
Esteira Arduino em MDF Completa para Projetos EA100 V2 + Manual de Montagem,"por R$ 371,36"
Sensor de Luminosidade Fotossensitivo LDR com Leds - P7,"por R$ 8,05"
Módulo de Memória Flash W25Q64 64 Mbit,"por R$ 15,17"
Sensor de pH Arduino + Módulo de Leitura,"por R$ 236,46"
Válvula Solenoide para Gás e Ar 12V NA,"por R$ 56,91"
Módulo MP3 Arduino WTV020 com Entrada SD Card,"R$ 33,89,por R$ 25,55"
Sensor Termostato ABS para proteção 35 graus,"por R$ 3,67"
"Detector de Gás / Sensor de Gás MQ-6- GLP (Gás de Cozinha), Propano, Isobutano e Gás Natural Liquefeito","por R$ 19,86"
Detector de Gás / Sensor de Gás MQ-3 - Álcool / Etanol,"por R$ 25,56"
Caixa Patola PB-008 para Montagem 25 x 39 x 75 mm,"por R$ 6,89"
Semáforo Arduino LED 3.3V/5V 8mm - S3,"por R$ 10,36"
Estrutura em MDF para Rastreador Solar Arduino + Manual de Montagem,"por R$ 25,84"
Módulo Display 7 Segmentos TM1638 com 8 Leds e 8 Push Buttons,"por R$ 36,71"
Sensor de Luz Ambiente TEMT6000,"por R$ 13,21"
Válvula Solenoide para Água 12V 90° NF (1/2 x 1/2),"por R$ 65,55"
Tabela de Pinos Arduino Uno R3 em Couchê Liso com Alta Resolução,"por R$ 2,00"
Célula de Carga 100g Sensor de Peso para Arduino TAL221,"por R$ 66,41"
Expansor para Arduino Nano V3.0 - EAN3.0,"por R$ 21,76"
Módulo Receptor Rádio FM TEA5767 Philips,"por R$ 19,86"
Sensor de Inclinação com Chave em Mercúrio,"R$ 24,05,por R$ 18,91"
Umidificador de Ar Ultrassônico 24V Névoa 400 ml/h,"por R$ 79,71"
Mini Gerador Brushless de Energia MG10,"por R$ 24,61"
Roldana V 24mm com Rolamento 625zz para Eixo 5mm,"por R$ 12,26"
Módulo CAN BUS Arduino TJA1051,"por R$ 15,49"
Caixa Patola PB-900/2 para Montagem 66 x 200 x 142 mm Preta,"por R$ 65,46"
Sensor de Refletância Digital Similar QTR-8RC com 8 Sensores Infravermelhos de Linha,"por R$ 28,41"
Detector de Gás / Sensor de Gás MQ-8 - Hidrogênio,"por R$ 18,53"
Módulo Relé SLA-05VDC-SL-C 5V 30A 1 Canal com Optoacoplador,"por R$ 36,01"
"Display TFT LCD 1.3"" SPI RGB 240x240 ST7789","por R$ 66,41"
Hub USB 2.0 4 Portas com Interruptor ON/OFF Individual e Led Indicador,"por R$ 28,12"
Rolamento com Flange F625zz (5x16x5),"por R$ 9,88"
Bombinha Submersa de Água 12V CP40A Brushless 8L/Min - OUTLET,"por R$ 54,06"
Caixa Patola PB-201/2 para Montagem 40 x 72 x 86 mm,"por R$ 18,91"
Cooler PC 120mm Fan 12V  Storm,"por R$ 29,93"
Sensor de Corrente AC / DC ACS758 50A Efeito Hall,"por R$ 33,82"
Caixa Patola PB-211 para Montagem 70 x 139 x 155 mm,"por R$ 56,91"
Decodificador DTMF MT8870 Para Celular,"por R$ 20,85"
Buzzer Ativo 12V Bip Contínuo PCI 12mm,"por R$ 3,50"
Caixa Patola CF-126 para Montagem 62 x 83 x 126 mm,"por R$ 19,29"
Servo Driver 16 Canais PCA9685,"por R$ 36,48"
Testador de Servo 3 Canais ou ESC / Servo Tester CCPM,"por R$ 19,86"
Esfera Deslizante W420 para Carro Robô,"por R$ 11,77"
Caixa Patola CP-012 PF para Montagem 36 x 76 x 134 mm,"por R$ 19,86"
Sensor de Pulso Infravermelho KY039 Para Batimentos Cardíacos,"por R$ 7,41"
Sensor de Vibração SW-420,"por R$ 7,89"
Sensor de Toque Capacitivo Httm com Led Azul,"por R$ 15,87"
Tubo de Teflon Ptfe 4mm x 2mm para Filamento 1.75mm - 1 Metro,"por R$ 19,86"
"Módulo Jack P4 (2,1x5,5mm) com 2 Saídas para Projetos","por R$ 10,17"
Caixa Patola PB-202/2 para Montagem 53 x 70 x 98 mm,"por R$ 19,86"
Mancal com Rolamento Kfl08 para Eixo 8mm,"por R$ 27,84"
Carrinho Arduino / Carro Robô 2WD 200RPM MDF - Kit Chassi Usinainfo,"por R$ 121,79"
Sensor de Condutividade para Arduino - P24,"por R$ 5,89"
Suporte para Sensor Ultrassônico - Retangular em MDF,"por R$ 3,14"
Estrutura em MDF para Elevador Arduino Altum + Manual de Montagem,"por R$ 54,27"
Matriz de LED 8X8 Vermelho,"por R$ 14,87"
Rolamento com Flange F623zz (3x10x4),"por R$ 8,46"
Robô Edison V2.0 para Robótica Educacional,"por R$ 645,05"
Caixa Patola PB-030/2 Case para Montagem 23 x 31 x 31 mm,"por R$ 3,79"
Sensor de Umidade e Temperatura HTU21D,"por R$ 29,93"
Sensor de Gestos e Cor APDS-9960,"R$ 38,75,por R$ 28,41"
Controlador de Carga / Placa de Proteção de Carga BMS para Bateria 18650 1S 10A 4.2V,"por R$ 16,86"
Módulo Driver Controlador de Motor de Passo Unipolar - ULN2003,"por R$ 8,50"
Módulo Adaptador USB Macho para DIP,"por R$ 10,17"
Sensor de Nível de Água Horizontal tipo Boia,"por R$ 33,82"
First Robot / Módulo Robô Led para Interação com o Público - PL2,"por R$ 20,35"
Válvula Solenoide para Água 12V NF 180° (1/4 x 1/4) Rosca Interna BSP,"por R$ 59,76"
Suporte para Motor DC130,"por R$ 7,41"
Fixador Emenda para Correia GT2,"por R$ 14,47"
Detector de Metais 5V para Projetos DIY,"por R$ 28,41"
Roldana 24mm com Rolamento 625zz para Eixo 5mm,"por R$ 14,87"
Chassi Carrinho Arduino MDF com Eixo Móvel V2 + Manual de Montagem,"por R$ 33,45"
Suporte para Display 16x2 Case em MDF - SD162,"por R$ 7,69"
Microfone Omnidirecional INMP441 para Projetos,"por R$ 34,96"
Cartucho Aquecedor 12V 40W para Impressora 3D Reprap,"por R$ 19,86"
Indicador de Direção do Vento Arduino para Estação Meteorológica - DV10,"por R$ 369,46"
Ponte Retificadora com Diodo 1N4007 Onda Completa AC para DC,"por R$ 9,88"
Módulo Ethernet W5500 Arduino,"por R$ 56,91"
Kit para Arduino Standalone ATmega328P com Bootloader,"por R$ 79,71"
Robô Sumo Zumo Robot Arduino Completo RS100 V2 + Manual de Montagem,"por R$ 381,26"
Chassi em MDF para Robô Sumo Zumo Robot RS100 V2 + Manual de Montagem,"por R$ 28,34"
Grade para Cooler 120mm Metálica,"por R$ 7,93"
Módulo Adaptador USB Fêmea 3.0 para DIP,"por R$ 6,89"
Conversor RS485 para Ethernet TCP/IP USR-TCP232-304,"por R$ 369,55"
Módulo Transmissor de Rádio FM para Arduino - V2.0,"por R$ 56,91"
Caixa Patola PB-062 para Montagem 27 x 51 x 61 mm,"por R$ 5,61"
Caixa Patola PB-600/2 para Montagem 38 x 106 x 124 mm,"por R$ 33,42"
Tabela de Pinos Arduino Mega 2560 em Couchê Liso com Alta Resolução,"por R$ 2,00"
Sensor de Umidade e Temperatura - DHT12,"por R$ 35,82"
"Motor de Passo NEMA 17 4,5Kgf.cm 42HBD40BJ4-TF0 + Cabo","por R$ 159,89"
Sensor de Gás Ozônio MQ-131 para Baixa Concentração,"por R$ 208,53"
"Suporte para Leitor Biométrico Arduino JM101, R305, R307","por R$ 28,41"
Makey Makey Kit Piano Sensor Touch com Cabo USB e Jacaré + Jumpers,"por R$ 167,68"
Módulo ZVS de Aquecimento por Indução com Bobina 5 a 12V - MA712,"por R$ 90,16"
Isolador Óptico PC817 4 Canais 3.6-24V,"por R$ 23,66"
Motor DC 12V com Caixa de Redução 30RPM,"por R$ 125,44"
Grampo para Mesa Aquecida Impressora 3D,"por R$ 8,18"
Eletrodo ECG para Sensor Muscular e Sensor Cardíaco Arduino - Kit com 3 Unidades,"por R$ 8,45"
Sensor de Temperatura DS18B20 à Prova D'Água Rosca G 1/2 com Poço,"por R$ 113,91"
Conversor de Tensão para Corrente 0-5V PARA 4-20mA - CTC10,"por R$ 29,93"
Mega Sensor Shield V2.0 para Arduino,"por R$ 28,83"
TFT LCD 3.5” Shield Arduino Touch Screen com Slot SD,"por R$ 142,31"
Kit Arduino Iniciante em Sensores V2,"por R$ 101,92"
Caixa Patola SI-003 para Montagem 15 x 22 x 76 mm,"por R$ 4,89"
"Shield Multifunções para Arduino K586 com Buzzer, Display, Push Button + Interfaces Extras","por R$ 35,06"
Kit de Peças para Robótica DIY Arduino 50 Peças,"por R$ 47,41"
Sensor de Força Resistivo 0.5″ FSR402,"por R$ 69,73"
Cabo Extensor USB AB Macho X Fêmea 30cm para Impressora 3D,"por R$ 13,21"
Elevador com Arduino Altum Completo + Manual de Montagem,"por R$ 290,84"
Caixa Patola PB-203/2 para Montagem 46 x 87 x 98 mm,"por R$ 24,84"
"Display OLED 0.91"" I2C 128x32 Branco para Arduino","por R$ 34,82"
Bombinha Submersa de Água para Arduino 5V USB  JT160A 1.5L/Min,"por R$ 70,21"
Relé de Temperatura com NTC / Sensor de Temperatura com Relé,"por R$ 29,83"
Mola Plana 20mm para Mesa Aquecida da Impressora 3D,"por R$ 3,90"
Barra Magnética Peixinho com Anel Central 20mm,"por R$ 10,88"
Motor DC 12V / 24V RS555PH de Alta Rotação 10.000RPM,"por R$ 157,51"
Mola Plana 25mm para Mesa Aquecida da Impressora 3D,"por R$ 3,90"
Mega Protoshield V3 / Prototype para Arduino Mega + Protoboard 170 pontos,"por R$ 33,42"
Transformador Trafo 12V + 12VAC 2A Bivolt de Uso Geral,"por R$ 65,74"
Módulo MP3 Decodificador com Recepção Bluetooth e Conexões Micro SD e USB,"por R$ 43,61"
Relé com Controle Remoto 12V 10A 1 Canal 433MHz + Case,"por R$ 89,40"
Módulo ESP8285 M3 WiFi Serial - ESP-M3,"por R$ 29,36"
Isolante Térmico 3mm para Bloco Aquecedor do Hotend Impressora 3D,"por R$ 2,16"
Leitor de Cartão de Memória Micro SD com USB 2.0,"por R$ 9,41"
Plug RCA Macho com Bornes,"por R$ 2,38"
"Relé de Atraso / Relé de Retardo 12V (0,13s a 60min) FC-32A","por R$ 39,90"
Sensor de Temperatura PT100A -50 a + 300°C,"por R$ 19,48"
Kit Arduino Sensores 37 em 1 + Caixa Organizadora,"por R$ 223,73"
Kit Árvore de Natal Led Piscante DIY para Aprendizagem Eletrônica - AN16,"por R$ 45,98"
Arduino GPS Shield Elecrow + Antena,"por R$ 337,96"
Sensor de Pressão Absoluta MD-PS002-150kPa,"por R$ 23,66"
Etiqueta NFC Tag 13.56Mhz Fundan F08 Adesiva - Kit com 2 Unidades,"por R$ 4,66"
Módulo Potenciômetro Deslizante 10k para Arduino,"por R$ 22,71"
Roldana 15mm com Rolamento para Eixo 5mm,"por R$ 15,68"
Suporte Acrílico para Micro Servo Motor Usinainfo - Compatível com SG90,"por R$ 16,21"
Módulo Display LED 8 Dígitos com Interface Controle SPI - MAX7219,"por R$ 28,41"
Porca T Martelo M3 para Perfil V-Slot 20 - Kit com 4 Unidades,"por R$ 8,46"
Módulo Driver PWM YYNMOS-1 com Isolador Óptico 1 Canal,"por R$ 24,61"
Kit Eletrônica Educacional com 8 Projetos “Circuitos de Papel” - KES8,"por R$ 61,12"
Ramps 1.4 RepRap Shield Arduino para Impressora 3D,"por R$ 55,96"
Módulo Chave Térmica / Sensor De Temperatura Termistor Arduino - K275,"por R$ 9,45"
"Válvula Motorizada Esfera 2 Vias 1/2"" 12V DC - DN15","por R$ 275,03"
Transformador de Corrente TC 5A 5V / Sensor de Corrente AC com Relé,"por R$ 49,78"
"Polia GT2 Tensora 20T ID5 OD18 W6 / 20 Dentes, Eixo 5mm, Diâmetro 18mm para Correia de 6mm","por R$ 11,88"
Case em MDF para Cofre Arduino Valorem + Manual de Montagem,"por R$ 32,90"
Roda 34mm Slim para Micromotor DC 12V N20 com Caixa de Redução,"por R$ 5,89"
Conversor PWM para Tensão 0 A 10V,"por R$ 32,21"
"Kit Educacional Livro ""Eletrônica Fácil - Charles Platt"" com 50 Peças","por R$ 171,94"
Mesa aquecida MK2B PCB 12V / 24V para Impressora 3D RepRap,"por R$ 69,73"
Castanha M8 com Mola Anti Folga para Fuso 8mm,"por R$ 17,96"
Caixa Patola CF-070/2 para Montagem de Fonte de Alimentação 47 x 56 x 79 mm,"por R$ 11,48"
Módulo iBeacon NRF51822 RSSI BLE 4.0 + Case,"por R$ 78,76"
Sensor AM2320 de Umidade e Temperatura I2C,"por R$ 28,41"
Sensor de Umidade e Temperatura SHTC3 DHT22 -40 a 125°C,"por R$ 42,66"
Motor com Fios Soldados e Caixa de Redução 48:1 200RPM + Roda,"por R$ 33,52"
Nozzle Bico Extrusora Impressora 3D 0.3mm,"por R$ 5,61"
Correia GT2 6mm Fechada 200mm para Impressora 3D e CNC,"por R$ 10,88"
Micro Servo Emax Es08ma II 180° 2.0Kgf.cm de Posição com Engrenagens Metálicas,"por R$ 53,11"
Controlador de Umidade do Solo com Relé 20 a 99% RH XH-M214,"por R$ 56,91"
Mini Bomba de Água Submersa 12V AD20P Brushless 4L/Min,"por R$ 62,61"
Módulo Gerador De Funções Ad9850 Dds 0-30mhz,"por R$ 189,53"
Kit Projeto Relógio Eletrônico Digital DIY STC11F02,"por R$ 51,78"
Shield Data Logger com RTC DS1307 para Wemos D1 Mini,"por R$ 25,56"
Caixa Patola PB-048 para Montagem 19 x 40 x 54 mm Furada,"por R$ 4,89"
Módulo LoRa 915Mhz SX1276 RF Wireless + Antena,"por R$ 85,41"
Sensor AM2301 DHT21 de Umidade e Temperatura,"por R$ 47,41"
Estrutura em MDF para Casa Automatizada Domum com ESP32 ou Arduino,"por R$ 85,06"
Caixa Patola PB-073 para Montagem 40 x 53 x 73 mm,"por R$ 7,49"
Módulo Relé Para Controle Remoto 433MHz 10A 1 Canal - Compatível com Controle EV1527,"por R$ 56,91"
Grilo Solar com Motor Vibracall e Painel Fotovoltaico - Kit Educacional,"por R$ 22,33"
Módulo Potência Mosfet HA210N06 210A / Controle para Mesa Aquecida Impressora 3D Ramps 1.4 e Anet A8,"por R$ 45,79"
Shield Stepper Motor Arduino SM3D para Driver A4988 e DRV8825 para Impressora 3D,"por R$ 19,86"
Sensor de Vibração SW-18015,"por R$ 3,90"
Sensor De Temperatura PT100 com Sonda à Prova D’Água,"por R$ 28,41"
Módulo Encoder 360° Redondo 5V CE11,"por R$ 16,91"
"Primeiros Passos com Sensores: Perceba o mundo usando eletrônica, Arduino e Raspberry Pi","por R$ 46,08"
Robô Explorador Hector Lagarta 2WD com Chassi em Alumínio,"R$ 408,98,por R$ 221,26"
Controladora de CNC Interface Mach 3 Router Até 5 Eixos + Cabo Usb - 74HC,"por R$ 79,90"
"Válvula Motorizada Esfera 2 Vias 3/4"" 12V DC - DN20","por R$ 332,03"
Kit Prototipagem Intermediário com Protoboard 830 Pontos + Jumpers + Fonte e Adaptador - 68 Peças,"por R$ 55,48"
Sensor Magnético NF de Embutir com Fios,"por R$ 15,56"
Caixa Patola PB-205 para Montagem 40 x 140 x 149 mm,"por R$ 56,91"
Clapper Misofônico - Módulo Eletrônico Relé para Controle Remoto com Infravermelho e Sensor de Som,"por R$ 124,64"
Controle 433Mhz Transmissor RF 2 Canais Premium EV1527,"por R$ 32,82"
Sensor Ultrassônico GY-US42 de Distância 20 a 720cm,"por R$ 104,03"
MH-ET Live Scanner V3.0 / Leitor de Código de Barras e QR Code,"por R$ 275,03"
Sensor de Chama Infravermelho 3mm - P22,"por R$ 6,56"
Sensor de Vibração e Toque Piezoelétrico 20mm Analógico Digital,"por R$ 23,66"
"Motor de Passo NEMA 17 4,6Kgf.cm 17HS8401 + Cabo","por R$ 166,16"
Suporte Eixo Linear Sk8 para Eixo 8mm,"por R$ 18,46"
Cartucho Aquecedor 24V 40W para Impressora 3d Reprap,"por R$ 16,86"
Sensor de Toque Capacitivo Httm com Led Vermelho,"por R$ 15,87"
"Gerador de Sinal PWM XY-PWM1 com Display LCD, Duty Cycle e Frequência Ajustável - 1Hz-150Khz","por R$ 82,56"
Expansor Conversor AD / DA PCF8591 com Sensor de Luz e Temperatura + Jumpers,"por R$ 17,86"
Válvula Solenoide para Água 12V 90° NF (3/4 x 3/4),"por R$ 62,75"
AVR ISP Shield FZ2665 / Gravador AVR Bootloader Para Arduino,"por R$ 76,71"
"Polia GT2 Tensora 20T ID5 OD16 W6 / 20 Dentes, Eixo 5mm, Diâmetro 16mm para Correia de 6mm","por R$ 11,88"
Controlador PWM 1203BB 3A para Motor DC 0 a 100% com Reverso,"por R$ 32,82"
Módulo Relé 3V 10A 2 Canais com Optoacopladores  para ESP32,"por R$ 48,38"
Módulo Gerador de Pulso Frequência NE555 para Arduino - 5Hz a 2kHz,"por R$ 7,89"
Nozzle Bico Extrusora Impressora 3D 0.2mm,"por R$ 6,18"
Servo Motor SG5010 Tower Pro 180° 11Kgf.cm de Posição com Alto Torque,"por R$ 47,41"
Micro Registro 1/4 para Irrigação por Gotejamento,"por R$ 13,21"
Antena 433MHz 5dbi + Cabo Pigtail UFL Mini com SMA Fêmea,"por R$ 39,81"
Módulo Receptor Rádio FM com antena - Philips TEA5767,"por R$ 66,41"
Círculo de Led Endereçável RGB WS2812 com 16 Leds,"por R$ 44,56"
Barra Roscada Fuso M8 x 300mm para Impressora 3D + Castanha,"por R$ 66,41"
Thermowell Poço para Sensor de Temperatura 30mm Rosca 1/2 + Prensa Cabo PG7,"por R$ 47,41"
Estrutura em MDF para Árvore de Natal Arbor,"por R$ 7,92"
Kit de Parafusos 90 Peças para Braço Robótico em MDF,"por R$ 20,15"
Caixa Patola PB-030 para Montagem 29 x 31 x 31 mm,"por R$ 4,66"
Receptor 433Mhz RXB6 Super Heteródino,"por R$ 26,09"
I/O Expansion V5.0 - Shield Arduino Expansor de Entradas e Saídas V5.0,"por R$ 49,78"
"Sensor de Qualidade do Ar ZP07-MP503 - Hidrogênio, Álcool, Monóxido de Carbono, Amônia, Fumaça de Cigarro e Etc","por R$ 49,78"
"Polia GT2 Tensora Lisa ID5 OD18 W10 / Sem Dentes, Eixo 5mm, Diâmetro 18mm para Correia de 10mm","por R$ 12,47"
Suporte Elevado para Sensor Ultrassônico em MDF,"por R$ 3,17"
Módulo Bluetooth BT04-E BLE 4.2 + 3.0 SPP Arduino Compatível com iOS e Android,"por R$ 23,66"
Detector de Gás / Sensor de Gás MQ-136 - Gás Sulfídrico H2S,"por R$ 339,63"
Laser Vermelho de Alta Potência 250mW com Foco Ajustável,"por R$ 85,41"
Engate Rápido Mangueira com Saída 3/8,"por R$ 16,86"
Suporte para Display 20x4 Case em MDF - SD204,"por R$ 8,25"
Cofre Arduino Digital Valorem Completo + Manual de Montagem,"por R$ 270,98"
Barra Magnética Peixinho com Anel Central 30mm,"por R$ 15,68"
Módulo LED RGB 5V (Vermelho/Verde/Azul) - P20,"por R$ 8,69"
Placa de Proteção de Carga BMS 1S 3A 4.2V para Bateria 18650,"por R$ 5,61"
Medidor de TDS Sensor de Condutividade da Água Analógico,"por R$ 94,27"
Módulo Relé 3V 10A 4 Canais com Optoacopladores para ESP32,"por R$ 73,32"
Controlador De Nível De Água Eletrônico XH-M203 com Relé,"por R$ 49,97"
Motor para Drone Hubsan X4 de Alta Rotação H107-A03 - Kit com 4 unidades,"R$ 136,55,por R$ 75,91"
Joystick Arcade 8 Posições - Bola Vermelha,"por R$ 53,77"
Mini Impressora Térmica para Arduino e Raspberry Pi + Rolo Papel Térmico 57mm + Cabos,"por R$ 436,62"
Módulo Sensor Magnético de Efeito Hall 3144 Arduino,"R$ 24,37,por R$ 9,98"
Dimmer 100W / Regulador De Tensão Elétrica 220VAC DIY,"por R$ 18,91"
"Kit Agulha de Limpeza para Bico de Impressora 3D RepRap 0,2 a 0,40mm 10 Unidades","por R$ 32,55"
"Polia GT2 Tensora 16T ID3 OD13 W6 / 16 Dentes, Eixo 3mm, Diâmetro 13mm para Correia de 6mm","por R$ 11,88"
Kit de Engrenagens para Robótica Diy 120 Peças,"por R$ 59,76"
Máquina para Relógio de Parede Quartzo DIY Universal,"por R$ 10,93"
Caixa Patola / Case para Montagem 41 x 49 x 65 mm - CF-066/2,"por R$ 9,88"
Mini Amplificador de Som OEP30WX2 Estéreo 2 Canais 30W + 30W,"por R$ 23,85"
"Extrusora Hotend V6 LD 0.4 1.75mm Longa Distância com Aquecedor, Termistor, Bico e Cooler + Tubo ptfe","por R$ 98,66"
Ai Thinker A9G GPRS GSM GPS Pudding - Placa de Desenvolvimento IoT,"por R$ 159,51"
Kit Arduino Sensores 37 em 1,"por R$ 189,53"
Caixa Patola PB-220/70 para Montagem 71 x 228 x 190 mm,"por R$ 125,59"
Controle para PC USB tipo Nintendo Compatível com Raspberry Pi - KP3124,"por R$ 44,18"
Placa de Desenvolvimento STM32F411 com USB tipo C,"por R$ 99,66"
Rig de Mineração para 4 GPUs e 6 Fans MDF 6mm RM4G6F V3 Preto + Manual de Montagem,"por R$ 183,08"
Dado Eletrônico para Programação - PL3,"por R$ 21,52"
Válvula Solenoide para Água 12V NA 180° ( 1/2 x 1/2),"por R$ 75,91"
Bico Gotejador Regulável Estaca com Bico Nebulizador 1/4,"por R$ 13,49"
Kit Gerador de Alta Tensão HV-1 DIY Entrada 3 a 5V DC e Saída 15000V,"por R$ 34,96"
Amplificador Max31865 RTD para Pt1000,"por R$ 89,78"
Estrutura em MDF para Mini Casa Sustentável DIY,"por R$ 31,73"
Kit Prototipagem Básico com Protoboard 400 Pontos + Jumpers - 41 Peças,"por R$ 43,99"
"Livro Arduino - Movimento, Luz e Som com Arduino e Raspberry Pi","por R$ 78,40"
Kit Luz Estroboscópica NE555 + CD4017 DIY,"por R$ 31,23"
Livro Manual de Projetos do Arduino: 25 Projetos Práticos para Começar com Arduino,"por R$ 83,79"
Módulo Sensor de Umidade HR202L Higrômetro HR31 com Encapsulamento,"por R$ 13,47"
Correia GT2 6mm Fechada 852mm para Impressora 3D e CNC,"por R$ 30,88"
ULN2003 Driver para Motor de Passo,"por R$ 9,88"
Célula de Carga Arduino 100kg Sensor de Peso Mavin NA2,"por R$ 265,53"
Colar de Bloqueio Fuso T8 Impressora 3D,"por R$ 7,41"
Módulo Teclado com 5 Botões AD-Keyboard,"por R$ 22,33"
Transformador de Corrente TC 5A 12V / Sensor de Corrente AC com Relé,"por R$ 37,91"
Controlador Gráfico para Painel de Impressora 3D RepRap com LCD 128x64 e Slot SD,"por R$ 178,55"
Nozzle Bico Extrusora Impressora 3D 0.5mm,"por R$ 6,92"
"Polia GT2 Tensora Lisa ID3 OD13 W6 / Sem Dentes, Eixo 3mm, Diâmetro 13mm para Correia de 6mm","por R$ 11,88"
Tubo de Teflon Ptfe 4mm x 3mm para Filamento 2.85mm - 1 Metro,"por R$ 18,91"
TFT LCD 3.95” Shield Arduino Touch Screen com Slot SD,"por R$ 113,05"
Sensor de Proximidade TMD27713 (LED IR + ALS),"por R$ 36,81"
Módulo Relé 2 Canais Micro USB com Conversor CH340,"por R$ 89,68"
Case em MDF para Useless Box Caixa Inútil BS100 + Manual de Montagem,"por R$ 40,28"
Case em MDF para Jogo do Labirinto Ludio + Manual de Montagem,"por R$ 39,10"
Kit TFT LCD 3.2” Touch com Mega Shield Arduino + Kit de Jumpers,"por R$ 242,25"
"Display OLED 0.91"" I2C 128x32 Azul para Arduino","por R$ 33,82"
Válvula Solenoide para Água 12V NA 180° ( 3/4 x 3/4),"por R$ 66,74"
"Livro Eletrônica Fácil - Aprenda de Modo Rápido, Simples e Divertido","por R$ 36,96"
Isolamento Térmico para Impressora 3D Auto-Adesivo 20x20cm,"R$ 28,25,por R$ 19,86"
Controlador PWM 15A 1000W  para Velocidade de Motores 6V à 90V,"por R$ 53,11"
Suporte para Motor K30 - Kit com 2 Unidades,"por R$ 5,89"
Kit Joystick Arduino em Acrílico com Comando Analógico Duplo + Parafusos de Fixação,"por R$ 45,59"
Furador para Mangueira de Irrigação por Gotejamento Duplo 3 e 4mm,"por R$ 14,87"
Kit Piano Elétrico DIY NE555 com 8 Teclas e Alto-Falante,"por R$ 24,84"
Sensor de Nível de Água Vertical 200mm em Aço Inoxidável para Água Quente,"por R$ 66,41"
Arduino Mega 2560 R3 com CH340G,"por R$ 198,55"
Kit Coração de Led Pulsante DIY 4V a 6V para Aprendizagem Eletrônica HBL22 - Vermelho,"por R$ 19,86"
Kit Projeto Relógio Eletrônico Digital STC12C2052 com Alarme DIY,"por R$ 59,76"
"Polia GT2 Tensora 20T ID3 OD16 W6 / 20 Dentes, Eixo 3mm, Diâmetro 16mm para Correia de 6mm","por R$ 11,88"
Suporte para Motor de Passo Nema 17 42x42mm em MDF - SN42,"por R$ 4,20"
Conversor RS485 para Sensor PT100 Modbus RTU,"por R$ 59,76"
Controle Wii Nunchuck para Arduino,"R$ 61,85,por R$ 19,86"
Barra Roscada Fuso M8 x 200mm para Impressora 3D + Castanha,"R$ 72,35,por R$ 43,61"
Suporte Eixo Linear Shf8 para Eixo 8mm,"por R$ 23,75"
Kit Coração de Led Pulsante DIY 4V a 6V para Aprendizagem Eletrônica HBL22 - Azul,"por R$ 19,86"
Motor Shield L298 Driver Ponte H com Interface para Servo Motor e Bluetooth,"por R$ 104,03"
"Polia GT2 Tensora 20T ID3 OD18 W6 / 20 Dentes, Eixo 3mm, Diâmetro 18mm para Correia de 6mm","por R$ 11,88"
Display LCD 128x64 JLX12864G-086 SPI,"por R$ 66,41"
Conversor Analógico Digital ADS1115 16 Bits 4 Canais ADC,"por R$ 73,91"
"Shield Arduino Multifunções K596 com DHT11, LM35, Receptor IR, LDR, LEDs, Buzzer e Outros","por R$ 64,74"
Barra Roscada Fuso M8 x 100mm para Impressora 3D + Castanha,"R$ 49,98,por R$ 30,31"
Mini Bobina de Tesla Musical 15V DIY,"por R$ 59,76"
Livro Arduino - Guia do Maker para o Apocalipse Zumbi,"por R$ 59,76"
Nano I/O Shield / Expansor para Arduino Nano com Slot para Xbee e NRF24L01 - RBT1.0,"por R$ 36,81"
Livro Aprenda Eletrônica com Arduino,"por R$ 87,88"
Sensor de Fluxo de Água com Interruptor Magnético EFS-04P G1/2,"por R$ 42,66"
Sensor Flex 4.5” Premium para Projetos,"por R$ 379,05"
Motor DC 6V JGA25 com Caixa de Redução 211RPM,"R$ 121,70,por R$ 50,26"
Correia GT2 6mm Fechada 110mm para Impressora 3D e CNC,"por R$ 10,22"
Espátula para Impressora 3D Super Fina em Aço,"por R$ 14,23"
Transmissor de Temperatura Pt100 Conversor -50~200°C Saída 0 a 10V,"por R$ 79,75"
Sensor Shield V4.0 para Arduino,"por R$ 29,83"
Sensor de Chuva Arduino CJMCU-606,"R$ 61,06,por R$ 22,86"
"Polia GT2 Tensora Lisa ID3 OD16 W6 / Sem Dentes, Eixo 3mm, Diâmetro 16mm para Correia de 6mm","por R$ 13,20"
Módulo Relé 3V 10A 8 Canais com Optoacopladores para ESP32,"por R$ 123,22"
Toca Discos Vinil DIY Orbis em MDF Completo + Manual de Montagem,"por R$ 266,77"
Sensor de CO2 MH-Z19B Infravermelho 5000ppm + Cabo,"por R$ 359,58"
Controlador PWM 20A 1200W para Velocidade de Motores 10V à 60V,"por R$ 39,81"
Estrutura MDF para Carro Robô 2WD,"por R$ 17,16"
Detector de Gás / Sensor de Gás MQ-137 - Amônia,"por R$ 377,56"
Conversor Serial UART TTL para Ethernet TCP/IP HS2003,"por R$ 113,53"
Antena 433MHz 3dbi + Cabo Pigtail UFL Mini com SMA Fêmea,"por R$ 28,41"
"Sensor de Qualidade do Ar MICS-6814 / Sensor de Gás Monóxido de Carbono, Dióxido de Nitrogênio, Amônia, Metano e...","por R$ 265,53"
Módulo de Memória EEPROM Mini - AT24C02,"por R$ 11,31"
Cortador de Mangueira e Tubo Pu ou Pa - CM14,"por R$ 29,34"
Useless Box Arduino / Caixa Inútil Completa BS100 + Manual de Montagem,"por R$ 306,26"
Suporte Eixo Linear Sk12 para Eixo 12mm,"por R$ 15,68"
Estrutura MDF para Alimentador Automático Pets Canem + Manual de Montagem,"por R$ 81,10"
Sensor de Fluxo de Água YF-B7 G 1/2 1-25 l/min Metálico com Sensor de Temperatura,"por R$ 85,41"
Sensor de Vibração e Toque Piezoelétrico 27mm Analógico,"por R$ 14,16"
Câmera Térmica Arduino AMG8833 8x8,"por R$ 389,03"
"Módulo Programador Attiny85, Attiny13A, Attiny25 e Attiny45 com Micro USB","por R$ 9,88"
Botão Power 16mm com Fios para Rig de Mineração em Alumínio com LED Azul,"por R$ 40,34"
Conversor Serial TTL para RS485 MAX1348 TTL485 V2.0,"por R$ 22,71"
Conversor RS485 para 0-20mA 4-20mA Modbus RTU,"por R$ 59,76"
Controlador Gráfico para Painel de Impressora 3D RepRap com LCD 20x4 e Slot SD,"por R$ 125,59"
Shield Data Logger para Arduino Nano com RTC DS1307 para Registro de Dados,"por R$ 77,71"
Openlog Datalogger Arduino Registrador de Dados Serial ATmega328P com Slot Micro SD,"por R$ 65,46"
"Polia GT2 Tensora Lisa ID3 OD18 W6 / Sem Dentes, Eixo 3mm, Diâmetro 18mm para Correia de 6mm","por R$ 11,88"
Relé com Controle Remoto Infravermelho 5V 10A 1 Canal - IR05V,"por R$ 46,79"
Sensor de Distância a Laser TOF10120 de Alta Precisão + Cabo - 10 a 180cm,"por R$ 109,16"
Case em MDF para Termômetro Infravermelho Arduino TI100,"por R$ 16,72"
Jogo do Labirinto com Arduino DIY Ludio Completo + Manual de Montagem,"por R$ 284,60"
Mini Motor DC N40 3.7V para Projetos,"por R$ 10,48"
Isolador Óptico SV-5A1R1P-N 1 Canal 5V,"por R$ 28,83"
Kit Robótica Educacional 13 Robôs em 1 com Painel Solar,"por R$ 198,55"
Caixa Patola PB-073/2 para Montagem 40 x 53 x 73 mm,"por R$ 7,58"
Kit Joystick Arduino em MDF com Comando Analógico Duplo + Parafusos de Fixação,"por R$ 36,42"
"Extrusora Hotend V6 LD 0.4 3.0mm Longa Distância com Aquecedor, Termistor, Bico e Cooler + Tubo ptfe","R$ 94,40,por R$ 59,76"
Rolamento de Esfera 6001 ZZ Blindado (12x28x8),"por R$ 10,36"
Kit de Nivelamento para Mesa Aquecida da Impressora 3D - CR10,"por R$ 16,86"
Kit Arduino Básico Uno R3 + Estojo MDF - KB05,"por R$ 147,48"
Controlador de Carga XY-CD60L para Bateria de Lítio e Chumbo 6V-60V,"por R$ 75,91"
Alimentador Automático para Pets com Arduino DIY Canem Completo + Manual de Montagem,"por R$ 342,73"
Gerador de Funções XR2206 DIY 1Hz a 1Mhz,"por R$ 52,16"
Buzzer Ativo 24V Bip Contínuo PCI 12mm,"por R$ 3,70"
Sensor de Corrente AC / DC 150A Efeito Hall ACS758,"por R$ 35,53"
Chassi Arduino Tanque tipo Lagarta 2WD MDF com Esteiras - CT200,"por R$ 73,53"
"Rolamento com Flange F684zz (4x9,5x4)","por R$ 8,88"
Correia GT2 6mm Fechada 610mm para Impressora 3D e CNC,"por R$ 19,86"
Módulo LoRa 868Mhz SX1276 RF Wireless + Antena,"por R$ 83,70"
Sensor MG811 Detector de Dióxido de Carbono CO2,"por R$ 379,05"
Mini Motor DC N50 3.7V para Projetos,"por R$ 15,11"
Receptor 433Mhz RXC6 PT2262 Super Heteródino + Antena - Compatível com Controle EV1527,"por R$ 28,41"
"Polia GT2 Tensora 20T ID5 OD18 W10 / 20 Dentes, Eixo 5mm, Diâmetro 18mm para Correia de 10mm","por R$ 12,47"
Servo Motor TD-8120MG Tiankongrc 180° 20Kgf.cm de Posição com Alto Torque e Engrenagens Metálicas,"por R$ 132,91"
Extensor para Rig de Mineração RM4G6F V3 com 4 GPUs e 6 Fans MDF 6mm + Manual de Montagem,"por R$ 79,33"
Rolamento Linear 12mm LM12UU para Impressora 3D e CNC,"por R$ 17,47"
Sensor de Umidade HR202L Higrômetro HR31 com Encapsulamento,"por R$ 9,88"
Rolamento com Flange F604zz (4x12x4),"por R$ 8,88"
Kit Irrigação por Gotejamento Completo 1/4 10m - KG10,"R$ 180,59,por R$ 138,31"
"SIM808 Módulo GSM, GPS e Bluetooth Arduino Quad-band com Slot para SIM + Antenas","por R$ 246,53"
Placa MEGA 2560 Pro com CH340,"por R$ 180,03"
Borracha Passa Fio N°40 - Kit com 10 Unidades,"por R$ 6,89"
Mancal Kp08 com Rolamento para Eixo 8mm,"por R$ 52,06"
Livro Como Montar um Robô com Arduino,"por R$ 34,11"
Sensor de Nivelamento Indutivo NPN PL-08N NA 8mm,"por R$ 37,91"
Círculo de Led Giratório DIY Ativado por Som com CD4017,"por R$ 19,86"
"Conector Reto Pneumático 4mm x Rosca Macho 3/8""","por R$ 4,66"
Placa de Proteção para Bateria BMS 18650 3S 10A 12V HX-3S-FL10,"por R$ 14,87"
Adesivo Magnético para Mesa da Impressora 3D 235x235mm,"por R$ 157,11"
Wemos Samd21 Mini Cortex M0 32bits 48MHz,"por R$ 141,46"
Módulo Gerador PWM TL494 500Hz-100kHz,"por R$ 17,96"
Balança para Arduino em MDF 6mm com 2 Células de Carga de 50kg - PL100,"por R$ 75,42"
Mini Umidificador de Ar Ultrassônico 5V Névoa 40 ml/h,"por R$ 31,26"
Conversor RS485 Modbus para Sinal de Entrada 2 x 4-20mA,"por R$ 49,31"
Suporte para Castanha M8 Trapezoidal Impressora 3D,"por R$ 50,14"
Módulo Relé 5V 10A 16 Canais com Optoacopladores,"por R$ 137,75"
Cabo Adaptador Y 8x8 (2x6+2) 18AWG para GPUs de Mineração,"R$ 36,90,por R$ 23,66"
Extensor para Rig de Mineração RM4G6F V2 com 4 GPUs e 6 Fans MDF 6mm + Manual de Montagem,"por R$ 88,80"
Mini Casa Sustentável DIY com Geração de Energia Manual Completa,"por R$ 114,70"
Matriz de LED 8x16 Azul I2C 128 Leds AIP1640,"por R$ 66,41"
Engrenagem Extrusora Ultimaker 2 Serrilhada Furo 5mm Impressora 3D,"por R$ 19,86"
Estrutura em MDF para Robô Ludos,"por R$ 20,62"
Suporte Exaustor Superior MDF SES3 para 3 Fans em Rig de Mineração,"por R$ 49,16"
Conversor de Frequência 0 a 1KHz para Tensão 0 a 10V,"por R$ 45,19"
Rig de Mineração para 8 GPUs e 12 Fans MDF 6mm RM8G12F V3 Preta + Manual de Montagem,"por R$ 299,05"
Micro Motor de Passo 5V 8x9mm Eixo 0.75mm,"por R$ 11,31"
Eixo Linear 8mm x 370mm para Impressora 3D,"por R$ 80,31"
"Display OLED 0.42"" I2C 70x40 Branco para Arduino","por R$ 39,73"
Isolador PTFE 1.75mm Hotend Olsson Ultimaker 2,"por R$ 16,86"
"Receptor FM PLL LCD 87-108MHZ com Tela de 1"" - Compatível com Comando Serial","por R$ 74,01"
Módulo Relé RS485 12V Modbus-Rtu 1 Canal,"por R$ 68,31"
Estrutura em MDF para Toca Discos Vinil DIY Orbis + Manual de Montagem,"por R$ 42,52"
Kit Árvore de Natal MDF com Leds DIY Arbor para Aprendizagem Eletrônica,"por R$ 78,74"
Balança para Arduino em MDF 6mm com 4 Células de Carga de 50kg - PL200,"por R$ 106,39"
Válvula de Bloqueio Pneumática 4mm Manual com Conexão Instantânea,"por R$ 13,21"
Arduino UNO Wifi Atmega328P com ESP8266 e CH340,"por R$ 113,53"
Conversor USB para TTL RS232 PL2303 Prolific,"por R$ 14,16"
Sensor de Presença de Filamento para Impressora 3D,"por R$ 39,81"
Conector Engate Rápido com Rosca de 3/4 e Redução para 1/2,"por R$ 13,87"
Kit Irrigação por Gotejamento Completo 1/4 15m - KG15,"por R$ 209,98"
Sensor de Gás Ozônio MQ-131 Duplo para Baixa e Alta Concentração,"por R$ 523,69"
Arduino Mega Wifi R3 Atmega2560 com ESP8266 e CH340,"por R$ 284,53"
Expansor para Arduino Nano V3 com Bornes,"por R$ 17,96"
"Waldunano V1 Shield para Arduino Nano com Conexão para ESP8266, Bluetooth, Display, Xbee","por R$ 39,81"
Kit de Peças em MDF para Robótica 62 Peças DIY KTE01,"por R$ 29,55"
Extrusora Impressora 3D Mk10 1.75mm - Lado Direito,"por R$ 59,76"
E-Paper Display Arduino MH-ET LIVE 1.54” SPI,"R$ 188,90,por R$ 132,91"
Isolador PTFE 3mm Hotend Olsson Ultimaker 2,"por R$ 16,86"
Bloco Aquecedor Hotend RepRap Impressora 3D,"por R$ 23,85"
Gerador Onda Senoidal EGS002 ( EG8010 + IR2110) + Display LCD 3220,"por R$ 98,75"
"Motor de Passo 12V 0,12Kgf.cm 16HA0003C","por R$ 118,70"
"Motor DC 12V TKF37JPG3429-670 com Caixa de Redução 13RPM 8,5Kgf.cm","por R$ 109,23"
Módulo MP3 DY-SV17F com Memória 4 MByte I/O UART 5W,"por R$ 33,82"
Fechadura Elétrica Solenóide 12V NF Compacta FEC-91 - Lingueta Superior,"por R$ 47,41"
Extrusora Impressora 3D Mk10 1.75mm - Lado Esquerdo,"por R$ 59,76"
Suporte para Teclado Matricial 3x4 12 Teclas - Case Inclinado em MDF,"por R$ 11,42"
Placa Nano Every ATmega4808 Arduino Compatível,"por R$ 128,68"
Sensor de Toque Capacitivo com Mola para Controle Luminoso,"por R$ 16,86"
Controlador PWM 10A 400W para Velocidade de Motores 12V à 40V,"por R$ 50,78"
Adaptador Add2psu para Ligar Duas Fontes Atx - 24 Pinos,"por R$ 27,06"
Sensor de Proximidade E3F-DS30C1 Infravermelho NPN NO - Detecção 10 a 30cm,"por R$ 49,78"
Módulo Sensor de PH BNC PH4502C Sem Sonda,"por R$ 128,68"
Driver Controlador RGB P9813 para Leds e Fitas de Led,"por R$ 74,96"
"Kit Educacional Livro ""Manual de Projetos do Arduino - Mark Geddes"" com 215 Peças","por R$ 529,65"
Sensor de Umidade de Solo 12V com Relé FC-50,"por R$ 28,41"
Sirene para Alarme 6~24V 90dB de Alta Potência LZQ-3D,"por R$ 28,41"
Módulo Ethernet LAN8720 RMII com RJ45,"por R$ 39,43"
Sensor de Umidade e Temperatura HDC1080,"por R$ 39,43"
Fixador Suporte U para Hotend V6,"por R$ 12,87"
"Extrusora Hotend V6 SD 0.4 3.0mm Curta Distância com Aquecedor, Termistor, Bico e Cooler + Tubo ptfe","por R$ 98,66"
Joystick Arduino 5 Eixos IO Keypad com Teclado Matricial 2x5,"R$ 70,84,por R$ 39,21"
Case em MDF para Voltímetro Analógico VA100,"por R$ 17,67"
Chocadeira Arduino EGG Completa com Controle de Temperatura + Manual de Montagem,"por R$ 565,53"
Gerador de Ozônio Portátil 15g/h Cerâmico 220V Higienizador,"R$ 492,35,por R$ 301,06"
Livro Nas Linhas do Arduino: Programação Wiring para Não Programadores,"por R$ 55,48"
Mini Motor DC N20 para Projetos Eixo 1x1.6mm,"por R$ 15,23"
Cabo Riser Usb 3.0 009S Extensor PCI Express com Capacitores para Mineradora,"R$ 157,40,por R$ 100,61"
Filtro de Linha 3 Tomadas 8A Bivolt FLP3 3 Metros com Fusível de Proteção e Chave ON/OFF - Ideal para Rig de...,"por R$ 69,73"
Extensor para Rig de Mineração RM4G6F V3 Preto com 4 GPUs e 6 Fans MDF 6mm + Manual de Montagem,"por R$ 115,97"
Conversor RS485 para Sensor NTC 10K Modbus RTU,"por R$ 68,78"
Bússola Digital GY511 LSM303DLHC com Magnetômetro e Acelerômetro 3 Eixos,"por R$ 34,96"
Controlador de Carga para Bateria 12V XH-M601 com Relé e Trimpots,"por R$ 25,56"
Módulo FTDI FT232RL Conversor USB Serial TTL e RS232 com Seletor 3.3V / 5V,"por R$ 27,46"
Kit Irrigação por Gotejamento Completo 1/4 5m - KG5,"por R$ 132,10"
Dissipador de Calor M6 11mm Impressora 3D,"por R$ 17,86"
"Camiseta Maker “Hello, World” - Preta M","por R$ 62,71"
Sensor de Auto Nivelamento 3D Touch para Impressora 3D,"por R$ 183,45"
Suporte Eixo Linear Sk16 para Eixo 16mm,"por R$ 23,85"
Sensor de Fumaça HIS-07 com Câmara de Íons,"R$ 26,90,por R$ 21,76"
Cabo Hub Multi Fan para 5 Fans Cooler 3 ou 4 Pinos Pwm com Molex,"por R$ 37,91"
Y União Pneumática 4mm com Conexão Instantânea,"por R$ 6,56"
"Conversor RS485 para Pinos Digitais TTL, CMOS, IO Modbus RTU","por R$ 76,71"
Antena Helicoidal 433Mhz Dourada,"por R$ 5,61"
Controlador de Relé 8 Canais 5V RS485 Modbus RTU RS232 TTL,"por R$ 65,84"
Sensor de CO2 MH-Z14A Infravermelho + Cabo,"por R$ 359,10"
Encoder Incremental Rotativo 600 Pulsos Eixo 6mm 5/24VDC E38S6G5-600B-G24N,"por R$ 275,03"
Irrigador por Gotejamento para Garrafa Pet com Ajuste de Vazão,"por R$ 8,46"
Cabo Pigtail UFL com conector SMA Fêmea - Sem Porca,"por R$ 13,21"
Bico Gotejador Regulável 1/4 0-40 L/h 8 Furos - Kit com 5 Unidades,"por R$ 11,29"
Servo Motor Hitec HS-805BB+ 180° 24.7kgf.cm Alto Torque de Posição,"por R$ 659,85"
Módulo de Memória USB 8GB para Armazenamento de Dados,"R$ 44,85,por R$ 18,09"
Módulo de Memória USB 16GB para Armazenamento de Dados,"R$ 60,72,por R$ 22,60"
Placa Distribuição Energia ESC para Drone Quadricóptero - PD60,"R$ 69,46,por R$ 18,91"
Sintonizador TDA7786 AM / FM de Alto Desempenho,"por R$ 69,73"
Estrutura MDF para Balança com 2 Células de Carga PL100,"por R$ 23,47"
Controle Remoto 433Mhz Transmissor RF 4 Canais EV1527,"por R$ 48,18"
Jogo do Choque com Arduino DIY Storm V1 Completo,"por R$ 292,10"
Robô Ludos para Robótica Educacional Completo,"por R$ 270,01"
Cabo ATX 24 pinos PSU para Ligar 3 Fontes na Rig de Mineração,"por R$ 34,11"
Estrutura MDF para Carro Robô Redondo 2WD,"por R$ 22,79"
Sensor PIR de Movimento BTE16-19 120°,"por R$ 34,11"
Kit Ampulheta Eletrônica DIY 5V com Leds,"por R$ 39,81"
Kit Projeto Diy Sino Led com Balanço Eletrônico,"por R$ 63,56"
Interruptor Sonoff WiFi RE5V1c com Relé de Estado Sólido 10A,"por R$ 84,84"
Módulo GPS Arduino GY-NEO6MV2 com Antena - OUTLET,"por R$ 61,66"
Sensor de Peso Célula de Carga 0 a 5kg para Arduino - OUTLET,"por R$ 29,64"
Receptor 315Mhz RXB22 Super Heteródino,"por R$ 15,96"
Rolamento Linear 16mm LM16UU para Impressora 3D e CNC,"por R$ 25,00"
Base Shield Arduino / Expansor de Entradas e Saídas V1.1,"R$ 121,54,por R$ 53,11"
Rolamento com Flange F624zz G (4x13x5),"por R$ 8,88"
PS/2 Arduino Conversor PS/2 para TWI I2C,"R$ 53,35,por R$ 24,61"
Voltímetro Analógico DIY com Arduino VA100 Completo,"por R$ 164,98"
Estrutura em Acrílico para Chocadeira Arduino EGG + Manual de Montagem,"por R$ 225,15"
Estrutura MDF para Balança com 4 Células de Carga PL200,"por R$ 25,37"
Estrutura em MDF para Jogo do Choque com Arduino DIY Storm V1,"por R$ 36,48"
Expansor PCI Express x1 para x3 PCIE Riser com USB 3.0 em Rig Mineração,"R$ 340,48,por R$ 237,41"
Controlador PWM 1203BS 3A para Motor DC  0 a 100% com Reverso,"por R$ 52,63"
Mini Carro Solar Nano com Motor e Painel Fotovoltaico - VB030,"por R$ 22,71"
Leitor Biométrico para Arduino AS608 + Cabo,"por R$ 127,78"
Acelerômetro e Giroscópio MPU9250 - GY-9250,"por R$ 132,05"
Sensor de Umidade e Temperatura AM2315C ASAIR I2C + Encapsulamento e Suportes,"por R$ 277,88"
Anemômetro Arduino + Indicador de Direção do Vento para Estação Meteorológica SVDV10,"por R$ 663,10"
Teclado Matricial Membrana 3x4 12 Teclas,"por R$ 9,98"
Lente Laser CO2 12mm para Máquina de Corte a Laser CNC,"por R$ 208,51"
Camiseta Maker “Trust Me I’m a Maker” - Preta GG,"por R$ 62,71"
Camiseta Maker “Trust Me I’m a Maker” Robotic - Preta GG,"por R$ 62,71"
"Waldunano V2 Shield para Arduino Nano com Conexão para ESP8266, Bluetooth, Display e Xbee","por R$ 43,94"
Cabo Riser Usb 3.0 Extensor PCI Express com Capacitores para Mineradora,"R$ 166,95,por R$ 122,46"
Cabo ATX 24 pinos PSU para Ligar 2 Fontes na Rig de Mineração,"por R$ 28,41"
Grove Speaker Amplificador de Áudio com Alto Falante + Cabo,"por R$ 53,11"
"Regulador de Fluxo Pneumático 4mm x Rosca 3/8""","por R$ 7,51"
Conversor RS485 para Sensor SHT30 Modbus RTU,"por R$ 72,77"
Conversor RS485 / RS232 para Relé 12V Modbus RTU,"por R$ 72,72"
Teclado Matricial 4x4 16 Teclas Rígido,"por R$ 45,79"
Kit de Isolamento para Medidor de TDS V1.0,"por R$ 17,96"
Suporte para Roda 68mm com Eixo Duplo - Sem Motor,"por R$ 9,41"
Emenda para Mini Bomba de Água Peristáltica - Kit com 2 Unidades,"por R$ 9,41"
Controlador de Carga Solar 10A PWM 12V/24V com 2 portas USB 158-A,"por R$ 85,41"
Case para Arduino Mega com Parafusos em Acrílico Transparente - OUTLET,"por R$ 25,56"
Sensor de Obstáculo Reflexivo Infravermelho HW-201 com Ajuste de Sensibilidade,"por R$ 21,38"
Fechadura Eletrônica 12V SARY 50mm com Detecção de Abertura,"por R$ 119,61"
Interruptor Remoto 433Mhz Botão Portátil RF 1 Canal EV1527 5mW,"por R$ 33,16"
Motor de Passo Astrosyn 34PM-C042 - 6 Fios,"por R$ 250,12"
Espelho Máquina Corte Laser Co2 Mo 20mm,"por R$ 82,82"
Camiseta Maker “Trust Me I’m a Maker” - Preta M,"por R$ 62,71"
Camiseta Maker “Trust Me I’m a Maker” Robotic - Preta M,"por R$ 62,71"
Camiseta Maker “Trust Me I’m a Maker” - Roxa M,"por R$ 62,71"
Camiseta Maker “Trust Me I’m a Maker” - Preta G,"por R$ 62,71"
Gerador de Ozônio Portátil 5g/h Cerâmico 220V,"R$ 492,45,por R$ 238,36"
Expansor PCI Express x1 para x4 PCIE Riser com USB 3.0 em Rig Mineração,"R$ 352,35,por R$ 284,05"
União Reta Pneumática 4mm com Conexão Instantânea,"por R$ 3,71"
Cotovelo União Pneumática 90° 4mm com Conexão Instantânea,"por R$ 2,76"
Sensor de Movimento PIR Sem Fio Rf 433Mhz Infravermelho,"por R$ 117,61"
Sonoff Mini R2 WiFi com Interruptor Paralelo,"por R$ 94,05"
Transceptor RS485 868MHz RT18A01 Master Slave 500m + Antena,"por R$ 151,91"
Módulo 6 Leds com Resistor para Testes com Arduino,"por R$ 25,56"
Módulo Controlador Serial CAN BUS TJA1050,"por R$ 18,91"
Módulo de Controle Paralelo para Motor de Passo Nema 17,"por R$ 19,86"
Sensor de Temperatura LM75A I2C de Alta Velocidade,"por R$ 24,61"
Módulo High Speed CAN BUS MCP2551,"por R$ 20,81"
Conversor de Nível Lógico I2C 5V para 3.3V HW-024,"por R$ 7,51"
Sensor de Nivelamento Indutivo NPN SN04-N NA 4mm - OUTLET,"por R$ 17,96"
Módulo Display 7 Segmentos 2 Dígitos Vermelho 74HC595 - OUTLET,"por R$ 12,26"
Placa Mega ADK 2560 Arduino + Cabo USB,
Placa Due  Arduino + Cabo USB,
Fechadura Eletrônica 12V MK-202 73mm com Detecção de Abertura,
Sensor de Umidade de Solo HL-69 para Arduino,
Roda com Caixa de Redução e Motor 120:1 80RPM,
Caixa Patola PB-075 para Montagem 36 x 60 x 75 mm,
Sensor de Nivelamento Indutivo NPN SN04-N NA 4mm,
Módulo Relé 5V 10A 1 Canal JQC3F para Arduino e ESP32,
Sensor de Som para Arduino,
Roda com Caixa de Redução e Motor 48:1 200RPM,
Módulo Chave Fim de Curso para Impressora 3D RepRap e CNC + Jumper 70cm,
"Jack P4 (2,1x5,5mm) para Paineis e Chassis",
Imã De Neodímio N50 Super Forte 5mm X 2mm - Kit com 10 Unidades,
Módulo MCP23017 Serial Bidirecional I2C SPI / Expansor de I/O 16 Bits,
Módulo Bluetooth AT-09 4.0 BLE Arduino Similar HM-10 para iOS e Android - Master/Slave,
Bombinha Submersa de Água 12V CP40A Brushless 8L/Min,
Tomada Macho 2 Pinos 10A 250V - Margirius,
Emenda de Cabos com Engate Rápido 250V 8A 3 vias - Kit com 5 Unidades,
Relé de Atraso 12V (0 a 10s) NE555 AC/DC,
Cabo FTDI 5V Conversor USB para TTL e RS232 Serial - FT32,
Sensor de Velocidade Arduino / Sensor de Contagem - Chave Óptica para Encoder até 6mm,
ESP32 Wifi e Bluetooth ESP-WROOM-32,
Módulo Encoder 360° (Sem Limite) HW040,
Módulo MP3 Decodificador / Amplificador de Áudio com Conexão Micro SD e USB,
Hélice de Motor DC130 para Projetos - Kit com 5 Unidades,
Sensor de Pressão Diferencial MPX5700DP 0kPa a 700kPa,
Pt100 Sensor De Temperatura Termopar tipo Sonda com 3 Fios (-50°C a +350°C),
Servo Motor Rotação Contínua 360º 4.2Kgf.cm,
Sensor de Temperatura Infravermelho IR MLX90614 para Medições Sem Contato,
Expansor de Portas I2C PCF8574 8 Bits,
"Micromotor DC 12V N20 com Caixa de Redução - 3V:100RPM, 6V:200RPM, 12V:400RPM",
Chaveiro RFID 125KHz com Tag para Controle de Acesso,
Módulo Motor Vibracall Arduino MV50 para Projetos,
Sensor de Corrente ACS712 20A AC / DC com Efeito Hall,
Receptor 433Mhz / Receptor RF com Antena,
Balança para Arduino 0 a 5Kg em MDF 6mm + Célula de Carga - PL05,
Sensor de Temperatura TMP36 para Projetos,
"Motor de Passo NEMA 17 12V 1,2Kgf.cm 42BYGHW205 + Cabo",
Leitor Biométrico para Arduino JM101 + Cabo,
Válvula Solenoide para Água 12V NF 180° (3/4 x mang. 1/2) - Com Suporte,
Ponte H Bridge Motor 30A VNH3ASP30 5.5 a 16VDC,
Módulo Bluetooth HM-11 4.0 BLE Arduino Compatível com iOS e Android - Master/Slave,
Sensor UV Ultravioleta Guva-S12SD Keyes,
Livro Arduino - Primeiros Passos com o Arduino 2ª Edição,
Sensor de Pressão Absoluta MPX5700AP 15kPa a 700kPa,
Módulo Driver Ponte H para Motor DC - P1,
Micro Motor de Passo 5V 10x10mm Eixo 1.5mm,
Parafuso e Mola M3 de Alinhamento para Mesa Aquecida + Porca Recartilhada,
Mini Amplificador de Som TPA3116D2 Estéreo 2 Canais 100W + 100W,
JoyStick Shield para Arduino V1.A,
Real Time Clock RTC DS3231 para Raspberry Pi,
Relé Temporizador Digital XY-LJ02 Ajustável com Display LCD e Micro USB - 7 Modos de Uso,
Conversor RS232 / RS485 para Ethernet TCP/IP Modbus USR-TCP232-410s,
Shield Stepper Motor Arduino para Driver A4988 - Ideal para Impressora 3D,
Transmissor FM RF-02FM DIY com Microfone e Entrada P2 88-108MHZ,
Sensor de Temperatura Infravermelho IR MLX90615 para Medições Sem Contato,
Fita Térmica Blue Tape Alta Temperatura 50mm x 20m para Impressora 3D,
Thermowell Poço para Sensor de Temperatura 100mm Rosca 1/2 + Prensa Cabo PG7,
Placa de Proteção para Bateria 18650 3S 20A 12V HX-3S-FL20,
"Fonte Chaveada 5V 4A (2 x 2A) USB Dupla para Arduino, ESP32 e Celular + Cabo Micro USB",
Motor DC 12V com Caixa de Redução 70RPM,
Sensor de Pressão Arduino G1/4 1.2 MPa 5V USP-G41 para Gás e Líquidos,
Kit Engate Rápido Mangueira 1/4 + Conector Universal para Torneira sem Rosca,
Rig de Mineração para 8 GPUs e 12 Fans MDF 6mm RM8G12F V3 + Manual de Montagem,
"Polia GT2 Tensora Lisa ID5 OD16 W6 / Sem Dentes, Eixo 5mm, Diâmetro 16mm para Correia de 6mm",
EdCreate Kit Robótico para o Robô Edison 115 Blocos - 5 em 1,
Moedeiro Eletrônico Comparador Multi Moedas MEC26,
Kit de Robótica Educacional EdSTEM - Combo com 2 Robôs Edison V2.0 + EdCreate 115 Blocos 5 em 1,
"Motor de Passo 12V 1,5Kgf.cm 39HBD26DJ4 + Cabo",
Sensor de Pressão Diferencial MPX5100DP 0kPa a 100kPa,
Carrinho Arduino Robô 4WD 200RPM Acrílico 3mm - Kit Chassi,
Agitador Magnético Maker DIY Completo - AMC100,
"Motor de Passo 12V 1,7Kgf.cm 39HBS26BJ4-TR1 + Cabo",
Carrinho Arduino / Carro Robô 2WD 80RPM Acrílico 3mm - Kit Chassi Usinainfo,
Eixo Linear 8mm x 320mm para Impressora 3D,
Rolamento Pillow Block Scs8uu 8mm,
Módulo Programador Tiny Board para Microcontrolador Attiny - PL1,
Prog ESP Programador para ESP8266 ESP-01,
Módulo Relé 1 Canal USB com Conversor CH340,
Sensor de Pressão Absoluta MPX4250AP 20kPa a 250kPa,
Display LCD 16x2 com Fundo Azul - OUTLET,
Motor DC 3-6V 45RPM com Caixa de Redução e Eixo Duplo - OUTLET,
Módulo Matriz de LED 8X8 Vermelho Slim - MAX7219,
Kit Reparo Robô Edison V2.0 - Cabo USB + Rodas + Tampa Suporte Pilhas + Skid,
Joystick 10K 4 Eixos 3 Potenciômetros e 1 Push Button,
Isolador Óptico PC817 2 Canais 3.6-24V,
Conversor USB para RS485 CH340 com Saída 5V ZK-U485,
Franzininho V2 - Kit DIY com Attiny85 e USB,
Caixa Patola SR-1 para Montagem de Sensor PIR 29 x Ø 79 mm,
LCD Keypad Shield 16x2 para Arduino - Outlet,
"Livro Projetos Maker: Arduino, Eletrônica, Robótica e Automação Residencial",
"Extrusora Hotend V6 SD 0.4 1.75mm Curta Distância com Aquecedor, Termistor, Bico e Cooler + Tubo ptfe",
Estação Meteorológica para Arduino WH2081SMP,
Motor DC 3V-6V DC130 12000RPM 170mA - OUTLET,
Conversor USB Serial para RS485 com FTDI FT232RL,
Cubieboard Case transparente fosco,
Kit Robô Arduino Zenon MDF 2WD 200RPM,
Termômetro Infravermelho Arduino Oled com Mira Laser Completo MDF - TI100,
Walduininho V2 para Atmega328P / Arduino Standalone,
Sensor de Pressão Diferencial MPX5010DP 0kPa a 10kPa,
Conversor RS485 para Sensores Analógicos 4-20mA 0-5V 0-10VDC Modbus RTU,
Cabo RS232 USB Serial PL2303 Prolific,
Conversor RS422 para Serial TTL MAX490 Bidirecional,
Pluviômetro Digital de Báscula Arduino em Acrílico para Estação Meteorológica,
Motor DC 3V-6V DC130 28000RPM 450mA - OUTLET,
Módulo Relé 5V 10A 16 Canais com Optoacopladores - OUTLET,
Motor DC 12V 3.6W AP127 5000RPM,
Cooler PC 120mm Fan 12V Rise Mode com Led Branco,
Adaptador PS2 UART para Controle PS2 e PS3 Sem Fio com Arduino,
Sensor de Turbidez Arduino ST100,
"Suporte de Parede para iPad Mini 1, 2 e 3 - Modelo Luxo para Automação Residencial - Parland Preto",
Eixo Linear 8mm x 350mm para Impressora 3D,
Case Acrílica para Agitador Magnético AMC100,
Fluxostato para Água Quente Ou Fria (1” x 3/4),
Interruptor Remoto 433Mhz Botão Portátil RF 1 Canal EV1527 15mW,
Camiseta Maker “DIY Do It Yourself” - Preta GG,
Sensor de Força Resistivo FSR406 43x43mm,
"Sensor Condutividade, Umidade e Temperatura do Solo RS485 MEC10 3 em 1",
TFT LCD 3.5” Shield Arduino Touch Screen com Slot SD - OUTLET,
Luxímetro 0~200000 Lux RS485 Modbus-RTU Digital,
Camiseta Maker “DIY Do It Yourself” - Preta G,
"Camiseta Maker “Hello, World” - Preta GG",
Kit 16 Peças para Impressora 3D Prusa RepRap (Extrusor Direto) Direct Extruder,
Camiseta Maker “DIY Do It Yourself” - Preta M,
"Camiseta Maker “Hello, World” - Preta G",
"TFT LCD 2.4"" Shield Arduino Touch Screen com Slot SD - OUTLET",
Camiseta Maker “Trust Me I’m a Maker” Robotic - Preta G,
